time,pitch,roll,yaw,x,y,z,motor1,motor2,motor3,motor4
0.0,-0.726987209929868,1.4873144474054287,4.461915711134985,-0.03239407805253483,0.07605304082030352,0.9703368222584108,1025.0383765596541,1012.183521401237,1027.1769634184077,1034.4284886256091
0.10050251256281408,0.937593022121832,-1.1804168135988595,6.215789595635392,0.14062162387603874,-0.0086093047611054,0.9682610124131302,1022.3475877952468,1024.0401512117296,1028.4461971989133,1026.4264948741657
0.20100502512562815,1.0360337440888931,-0.9710792014418599,0.3621516527640356,0.2452599591791279,-0.20931727571326078,0.8743049779158989,1032.2418413449495,1038.0154734795458,1026.7918724866804,1023.842222759054
0.30150753768844224,1.9452606916868111,-0.9394874392693489,4.045785359582942,0.19675401739089915,-0.1061866411011113,0.9768936865808994,1041.5612531442819,1031.3664040938388,1044.5547430268243,1057.2834779830048
0.4020100502512563,-1.7337167265616529,1.2210706349478802,2.6244767148505073,-0.16382123901430995,-0.0394120121529756,1.0512980357275221,1065.7257029759883,1017.2269003033102,1036.2813994019125,1047.6577744477652
0.5025125628140704,2.1851345476946613,-0.25263055236601395,5.540646311654742,-0.03805141163135715,-0.23938409528611698,0.9108037516646244,1042.4085416148614,1030.0940973427662,1033.3087530660605,1032.0511997109884
0.6030150753768845,-4.40878326320555,1.9881278379510392,2.654327302343407,-0.051774705817469464,-0.11085429870348494,1.0733937855735416,1047.3975994958253,1007.0269702713454,1010.9357241836158,995.4368209608405
0.7035175879396985,-0.2597691047276207,-4.709253325808782,1.8451713347697565,0.07338818026144914,0.09784955072650198,1.0341442374759038,1022.4105070151821,1047.2540109384745,1024.3213038518027,1024.5848616512114
0.8040201005025126,0.023452315096910703,-0.7137037302555986,4.62272555568297,0.10295303325217996,0.21409580464338246,0.9486036674620273,1014.6119784104578,1026.9207397075563,1043.4800374050876,1070.5454134660763
0.9045226130653267,2.2666536521424767,-1.2521079218221005,5.628507501573699,-0.12583390110386045,-0.06291521289878259,0.9900929253863506,1030.934970244287,1046.77824916383,1030.565448596859,1026.5400750004044
1.0050251256281408,1.0452617053537383,0.4873186432550156,0.9949644154595951,0.010175777087540652,0.11347325314741476,1.1118825265348724,1031.607548728894,1022.1020246935593,1039.892972043837,1046.5482635808048
1.105527638190955,-1.8111261077125733,-0.07609551698027706,2.8167729859428716,-0.3029890998234204,-0.2871090105881201,1.0513483469454106,1013.8223088795311,1022.1463601739013,1056.4976770049145,1051.629136029289
1.206030150753769,-0.9699862516340303,2.595687559791533,-0.17532190092495803,0.2162917508702835,0.09891768616704173,1.0006148558428702,1027.37058205144,1018.5371982004323,1045.5790910381322,1033.2844587378397
1.306532663316583,1.3973600190948137,-2.718673543320115,-4.494183052478818,-0.07685613610150403,-0.12059226220912214,0.9833621678127311,1035.989764025787,1043.1426089753961,1031.3973750654961,1017.3726755219777
1.407035175879397,0.8418653162708875,1.090982952661504,3.601378894241187,0.008379590976674544,0.046101842506195506,1.0053626349316163,1035.4059009252712,1019.3585326400729,1022.3351624470641,993.4703150232567
1.5075376884422111,-0.1582482192714929,2.116672846423411,4.826716068763895,-0.04644745709820918,-0.037162862735956384,0.9641765509440388,1037.564317800764,1039.6689314862276,991.6967560591615,1040.2624481291343
1.6080402010050252,0.03833242097604128,4.7132948731239095,3.7862004272601766,0.17190413625201226,0.1980621014675751,0.8526675345996689,1034.3644709520615,1024.2632140349606,1027.4742261629071,1017.7786599576468
1.7085427135678393,2.392335994318578,0.036468057813049626,-2.8486851532631015,-0.42562596620960685,-0.13116534725098772,1.1429524537374312,1022.3948701109491,1000.3605505016257,1025.1098125627473,1032.6422567783154
1.8090452261306533,-0.035385145738429324,1.648917208705034,1.9474517097705764,-0.002491551348886348,0.09414094463427465,1.010872749943958,1022.2914906002674,1021.445288983203,1035.8554929159307,1011.2526949061595
1.9095477386934674,0.8238175119418534,-2.60772558512473,-3.6550432801532438,-0.01587281362465468,-0.04192611949448002,1.0278703085585776,1012.0157290300918,1012.3133767845572,1027.6914215953798,1026.021436892947
2.0100502512562817,5.339873176161086,-3.7839124086260476,7.109103322962554,-0.06804545813875242,-0.023745821701449565,0.9959464575086164,1056.7716255877765,1030.508540855235,1025.194224108448,1030.505785823516
2.1105527638190957,-1.847365273767846,2.6895487515634,-0.2581637463542581,0.2589339818453449,-0.027578083973881447,0.9485418239492789,1030.2017554692893,1012.1438839648827,1003.3090160423917,1034.0289037156645
2.21105527638191,-2.7036854631493172,0.9888794127038588,6.766210828379689,-0.13309941882836568,-0.12685096567411694,0.9869852863335861,1026.6272041630773,1043.8896265107192,1015.900482562749,1013.2776671897138
2.311557788944724,2.5671793295972134,3.3570253795968457,5.837608931052436,0.11576942658534917,-0.0021148448860007366,0.8880423666463982,1016.0681187782131,1028.6338620947047,1037.1497656120084,1047.9536642314204
2.412060301507538,-0.35728612258820647,-1.7468057779394983,0.2982289423918152,0.05343791830591253,-0.009397233318273225,1.1593960548637314,1074.0348685349168,1027.3360600786189,1055.7386144669904,1021.0465782290204
2.512562814070352,0.3635249445147595,2.0398042790575053,-0.3983548538032351,0.18922788788032738,0.03618603726100939,0.9135841601104323,1013.9000795166565,1039.8383820668137,1028.5371192438156,1004.8829580932013
2.613065326633166,-0.5623127562622283,4.737635681087706,4.051110649159015,-0.1000783627166258,0.012675771853929386,0.9277623601306975,1023.5672811159089,1044.458604011138,1034.9171661036119,1028.364648700548
2.71356783919598,0.480399718464975,1.8394112167145318,0.467027888450787,-0.10994533486856384,0.11969918244183543,0.969181855692952,1036.237552544291,1029.6985187234552,1044.2871723542921,1030.5156296353969
2.814070351758794,4.197076224192683,1.5531630111820975,3.3074539264746226,0.16441048612160977,0.1385262924071053,1.0901653007396663,1039.0031944861641,1018.4319955067606,1017.8365909569962,1032.4088414975763
2.9145728643216082,2.6042569172362384,1.0171121616486998,1.551517227579245,0.06379819624951656,-0.15759349827417016,1.0010156299483859,1044.3689808282352,1003.390455758318,1035.5022106492816,1050.4319860552762
3.0150753768844223,2.724447023773954,-2.1417629142518244,-2.3434752433969006,-0.23174060200151378,0.13031587508861564,0.9134704942778676,1057.114127616539,1019.7092536444723,1018.8926484050177,1026.4532674489622
3.1155778894472363,-1.832454111585291,3.711145871420696,-3.6914040573733775,-0.08089575216949056,-0.17795046406647816,1.0878036852530137,1037.5923648319106,1020.7418163002806,1042.9723665773652,1028.2057056344684
3.2160804020100504,-1.3023074731057385,-0.2217152796101316,3.6800527454837915,0.05795739807720914,0.08817838322066025,1.0511700438749838,1014.1595380005,1031.6058617948845,1032.271045719276,1013.4522342815036
3.3165829145728645,-4.678157318970854,2.008966512766034,1.3153267610081238,0.12566463323198837,0.0929608177054303,1.0376904470051516,1026.1458231231734,1024.8227967829296,1034.4767772097216,1042.3083025433184
3.4170854271356785,-0.618761642165508,-2.126068613142507,1.3407305492576032,-0.10188459797894325,-0.2866975337493756,1.0501013968819588,1034.6174855877082,1040.3189945807715,1018.2610210387212,1032.7646359611715
3.5175879396984926,2.913406372771317,-1.3589193290155608,5.087591517281356,-0.43713839847254116,0.013946886979411448,1.1676053330407716,1061.0233906225874,1020.8052509309397,1040.6054853941619,1023.6995840905876
3.6180904522613067,2.033893031496742,3.870174798444471,6.520326829897335,0.07848347786055497,-0.07027441700404735,1.152956642652528,1009.0329178236356,1029.144382497206,1061.2706938184651,1001.429879598018
3.7185929648241207,0.5569734740957522,0.30539542208431414,2.1823658359145726,-0.18304810349159636,-0.11381478869030624,0.9519299259897693,1048.0386475783785,1047.7598116479533,1014.8813245685769,1051.6661829258262
3.819095477386935,0.9553994325638939,3.906550952085089,1.9782038792704155,-0.30260081971836167,0.2026278496048508,1.1136719494967806,1032.6987155431962,1035.1273782093244,1024.9036148852872,1011.5848005331592
3.919597989949749,-0.37777108515081115,0.8435386818829644,4.500429099341652,-0.4248488887476211,-0.09805187109561284,1.026821773283123,1042.5674580284422,1029.0994368746715,1033.4741121125214,1021.1308298594544
4.020100502512563,1.4095177648035684,-2.683795545915715,-1.0708067090987257,0.12209712902966117,-0.12095653936770746,1.0349367071296425,1028.470079250461,1020.9708333709724,1041.7960931799373,1035.37516766614
4.120603015075377,2.53175655896123,2.7841351994634413,3.669459164243091,0.01929261756074498,0.011354241000764017,0.881541041784967,1017.3635105481051,1020.5015290492753,1021.6068057206579,1012.0516310707497
4.2211055276381915,-2.2317735748209455,-0.1797846355112156,4.655657915466462,-0.033848457106837745,0.10283846194476245,0.9880729964228263,1041.26309169102,1017.2408012057208,987.5045456478589,1007.5973533262029
4.3216080402010055,1.5992953756746964,2.397377627034087,5.040690625252887,0.20835365444441425,-0.021247287901519033,0.9431023486764405,1039.8164654065843,1021.8848970132565,1050.3878424124605,998.14078625949
4.42211055276382,2.8648697419093345,1.0504217350801643,-2.8102581075073942,0.09559870245346087,0.17495558185038781,1.0579641170425316,1044.5808544860959,1041.3349875811648,1041.407591793762,1040.8149542935846
4.522613065326634,0.16979942207326082,-2.0862364558857407,0.715934190573178,0.24244500640828748,0.07964634929461357,1.0749756350281963,1029.8004304693204,1026.671675930616,1003.8557870427001,1021.8222063291051
4.623115577889448,2.4014012242411673,1.3285895307411382,0.36521024152960013,-0.20891032082504946,-0.3267316979597145,0.8547859554288582,1021.0026696502023,1009.7534039592815,1020.8864681233067,1073.9090513871
4.723618090452262,6.629308888945106,5.392446284305598,3.299660863227639,-0.005182593593094527,-0.07942004452605124,0.998457559519701,1006.6181950746424,1056.5225393958967,1053.52273644291,1015.0846740155368
4.824120603015076,0.7913144140262162,1.9859729170289184,4.442233739303952,-0.24250700624220212,-0.08427631490275485,1.0785303053355977,1042.290599022091,1034.7994778671775,1051.716946276868,1016.1782346485662
4.92462311557789,1.7866141000106472,0.8849644939890737,7.490131222337944,-0.03440734977832008,0.07190414301441335,0.9869324726380588,1036.3583422366598,1008.8958489923025,1044.0796003401842,1021.519105445719
5.025125628140704,-0.4761141673227831,3.1506868039137954,1.5151035588957806,-0.0372923780650016,-0.39372255845611676,1.0510344551501656,1015.5132605070406,1023.3722660913876,1027.358313490602,1033.6470198270774
5.125628140703518,1.3625023252041009,1.4213369304062216,1.5072825050723584,0.09399204558946063,0.3823514563076583,1.024581582733896,1021.9213949005507,1031.6632957424263,1031.2448112821876,1022.9469499182203
5.226130653266332,1.9205432499646076,1.4190684605255885,6.449016056636241,0.0068345821712847464,0.0796539142341315,1.023916216236684,1022.9986178207284,1055.5688813994607,1028.036112923108,1039.1849832100377
5.326633165829146,1.389684680540276,-1.1832503443182052,3.8897308155909154,0.09351107074198733,0.022331520587653662,0.9810079515352191,1007.7552335202637,1013.378313126117,1046.9235967490326,1015.3211741501702
5.42713567839196,-1.0393906394177135,1.4676960515791968,6.802954533563922,0.10551601997083412,0.17723515746287194,0.9148393437105004,1017.734764050923,1044.6406107903392,1016.8623639025733,1009.2761242230463
5.527638190954774,1.4127235426509013,3.0708868328338896,3.866184009029509,0.3232393016074713,0.3515481079218937,0.9214928896802481,1012.9925446479047,1050.9922964045852,1017.9130051767369,1003.0267789088634
5.628140703517588,3.9243918774352737,-0.6721243042000493,-0.4713498561398124,-0.04729449829291866,0.13061199668826048,1.0496546760118721,1023.812814821681,1020.5701854238814,1045.1541188025403,996.646387480942
5.728643216080402,1.8972715290290547,3.8489916424938952,-0.9993850643334197,-0.14115340509995686,0.142321964470743,1.001362077886322,1018.9195375250565,1025.8372957170966,1029.3345781673265,1022.2289647078742
5.8291457286432165,2.923974378143682,0.8165879517097481,-1.6545367471767873,0.03691254229746132,0.019603503669657348,0.9903041428774942,1005.5949261869988,1014.4553612893934,1050.6770103318072,1025.4852953141017
5.9296482412060305,0.5259760599747445,-0.7755390230770813,4.98615550427542,-0.12034200407093151,-0.02122886300504224,0.9703276970374353,1060.3388534585422,1026.9480828837955,1019.9273168952918,1020.5284445877522
6.030150753768845,2.499800478847421,2.995264153840489,6.5657904692610245,0.22229411526548037,-0.07136931660073517,0.9786367808163474,1048.7881109654384,1029.451150384856,1029.1783245949175,1048.6510869578074
6.130653266331659,1.5585356764330518,0.4264115285234614,8.548086424159143,-0.04248270584178488,-0.12391679875718131,1.0732838256141697,1018.3147086772002,1039.8947499712356,1016.1638052273407,1048.4204531441221
6.231155778894473,-0.901821459374464,2.519029774972216,5.5293159969697205,-0.08483645518109854,-0.1030521149549246,0.9765329142692382,1034.086320949804,1046.3527520653067,1030.1104402213534,1024.9779551883325
6.331658291457287,1.637042009597749,0.4164827354829257,6.488515732604958,-0.07069735817266769,-0.20258339465144748,0.9061254700688902,1036.2619763473194,1018.7785590306753,1007.821795945018,1003.0911833021205
6.432160804020101,-0.983393326880621,0.8803477129401927,1.259951002038946,0.10776261352074613,-0.011380717602753498,1.052055624287812,1047.866287821602,1000.49012403661,1022.6854986856756,1021.4994233791742
6.532663316582915,-0.26576054976958385,1.9871204086685832,-0.46924745023157044,-0.023662047484722788,-0.252700136583958,0.9856586335294698,1017.7209246000988,1029.6813283108563,1008.4561920260783,1021.0026790912441
6.633165829145729,1.3786566145847483,1.5817941151800117,5.55023799725266,-0.09625002301955735,0.028637478621556602,1.0021977105872943,1046.3816017597364,1034.4030629495296,1040.4088484978688,1020.1429755658291
6.733668341708543,1.594488546760248,-2.991063560903477,4.253042256718202,0.24980278764352964,-0.005449591206351261,1.1125304814479657,1021.7814204368959,1033.7412653152755,1040.7488400963948,1019.5342164415264
6.834170854271357,-1.3784649301542582,-1.2424874801887835,3.322333123022678,-0.1284254760992625,0.022040294758003166,0.9985607609854645,1009.9620639374708,1025.0999012873644,1004.0460590427348,1020.1980565641279
6.934673366834171,3.1079715423657523,2.858819969581631,4.16211444189897,0.005334911104949029,-0.07831973550299887,1.0202428571183109,1040.8620483897175,1031.871281494959,1050.0082861825085,1024.2018757615335
7.035175879396985,2.144012556600946,0.7357268221969055,3.9695564473746177,0.09784592274153456,0.4615290555270755,0.9174753556091172,1049.3613763618364,1052.7316721252837,1067.4612268962978,1020.4668835177666
7.135678391959799,-0.40945687122176766,-0.04746260554284354,6.851450579560684,-0.24470026656256097,0.20401738502704694,0.9846231383354328,1068.8186346029602,1035.7260125344376,1030.6900958010451,1033.1248376293838
7.236180904522613,-2.0751695928983507,-1.7171480305149487,6.884956754450867,0.07203907521088873,-0.1866813750127084,1.0426668231646021,1012.0041210236468,1024.3994736249538,1020.3832860966303,1035.405530738573
7.336683417085427,0.7101908418371374,-1.1594726425516968,4.632661057021041,-0.1582661513220674,0.034930213114034735,0.891123838631113,1040.4837952762118,1022.4970327435601,1072.3649588650458,1016.3403236922627
7.437185929648241,0.10811257227767967,-3.043597279923895,5.537408617688785,0.12341741712510036,-0.09120092144059853,1.0140591565180996,1023.852981343097,1027.452214634834,1010.2154725254624,1049.0659798901056
7.5376884422110555,1.2262809141060456,0.7974385625969342,4.542187657274328,-0.14439765178784644,-0.15217195900611208,1.0070553750851365,1041.7503806578604,1054.5510994274596,1030.3015970030365,1015.2990654723908
7.63819095477387,0.273766677688867,-0.1968751611620938,1.6164908038961432,0.10391535477732908,-0.20101081066859022,1.0028901218911208,1007.9426567315312,1027.250489357107,1032.6943340894788,1005.7329907927699
7.738693467336684,-3.0149137214900197,-0.9331757819706303,5.269694024739421,0.1658749599442069,0.06483250361388809,1.072601122906077,1011.0584533645215,1029.7030848321895,1050.1772143067863,1035.7116710704759
7.839195979899498,0.2233061233976832,0.8637531496640938,-1.1834852065777852,0.12921547884492074,-0.10220703526043608,1.0234106960393965,1018.3618776525027,1022.7652964359554,1035.396084626902,1017.738877983785
7.939698492462312,0.38876177786337407,1.7279412617054764,6.16167465688765,0.03769749723571536,0.1451739036037806,1.1034650328849511,1031.1844606850213,1046.4847503616295,1022.5204915631732,1034.8193720613608
8.040201005025127,2.2673220495481177,5.1863958644198895,-0.5835688192981054,-0.034695141439454916,0.14906733217956586,0.9304487339084174,1020.3837810019247,1059.3975588211702,1015.7322344441807,993.944970983492
8.14070351758794,-0.3963993492220994,-2.023766839126427,3.857409860384199,-0.08646293645022658,0.2060871577817174,1.0095147197052843,1039.8858151587012,1036.7591957414709,1024.872672696308,1050.886839122246
8.241206030150755,4.357349346745132,3.318762086601044,0.464538124721523,0.22065520362256558,-0.12785801491111554,1.0059126750472964,1045.4034192738686,1031.2415935567815,1014.8960895858229,1040.0844011206061
8.341708542713569,-2.823281101303514,2.946203122030144,4.66016694922328,-0.10492428302514648,0.07130484160380153,0.9251521854371444,1038.9936631186804,1030.5517424976135,1030.7173797967703,1007.492851762555
8.442211055276383,3.622334995605249,-0.5581854787534011,2.8982243222162736,-0.1555599110354994,0.09486813249634513,1.0669406501463943,1054.281814594913,994.2353981682138,1021.5370573020926,1007.8183431423057
8.542713567839197,0.5513620582437904,1.406471909172062,-1.7842678744899967,0.0998053402549245,-0.07112672626559473,1.1627271314096972,1036.2373994418301,1041.1772629642724,1007.5894331006538,1055.083988561463
8.643216080402011,2.7191697446871124,0.08473350132476953,4.262098893055437,-0.1194205204779743,-0.11576579360893126,0.9988095747861319,1011.7465493448975,1032.0124962399377,1048.8271868256236,1018.9393014475306
8.743718592964825,1.1596029681174662,1.3713771608374778,1.2662376695018682,-0.14250952461991906,0.2414280998663959,1.0353514761791638,1050.450647703075,1036.4251307599109,1022.5349121485644,1017.4872272690106
8.84422110552764,3.2791110720509384,4.018262026809101,5.643440162440108,-0.21654063932546472,0.03412438135980806,1.0059162933070729,1020.92265646591,1019.3280670887444,1010.9779479253704,996.0092185877608
8.944723618090453,0.2252760708943775,2.211212465262626,3.0039770662032215,-0.07243647591907765,0.09539516260676069,0.9500490731064977,1043.6562774952836,1024.2331468153436,1027.4761129826868,1024.7383269159766
9.045226130653267,-1.1972408503556244,2.017216746466884,4.186262956164114,-0.01240725358447398,-0.12331140177418912,0.8725467805538588,1053.6060132483267,1023.8346259524524,1031.025573489515,1026.5842057774637
9.145728643216081,3.8410085745421263,0.13938136009071522,0.12729313495436445,0.03646375914910482,-0.18289266997832906,0.9505958561833244,1036.850320160956,1045.3243447610955,1003.8029991163145,1040.7323964515422
9.246231155778895,0.7730387082357176,-1.9681133298486704,1.2320033057179143,0.1426959366449225,-0.08541746617381656,0.9025629133333788,1007.5576178025302,1024.3186024509537,1034.9747150068865,1009.0138235772329
9.34673366834171,1.4431169472484213,0.5830635789191843,1.6240840916967465,0.07903468854986904,-0.018603208108499553,1.1192871454641382,1016.2268175023531,1061.239904831647,1014.292636469646,1007.1956981163909
9.447236180904524,3.4695038280895902,3.4132163097278303,5.570107440727667,-0.02863083293297697,-0.15963300102260233,0.9919423214253733,1049.841167003277,1036.4629362852256,1055.665432137862,1036.764439521647
9.547738693467338,-1.0639104841888698,-2.054335713179295,8.032131263416467,-0.02972935145695798,-0.0014767212975574505,0.975785646966698,1027.4631597153577,1010.864760100064,1037.859407681151,1045.100951068406
9.648241206030152,2.190981795278515,-1.1101787363533901,0.5844847447713715,0.07652362033727751,-0.25327577821027497,1.0622407677351464,1031.1936030241325,1028.0718056012206,1024.0015001483603,1006.4327147332317
9.748743718592966,-0.17978951292578182,1.2525354724681363,6.230544433973041,0.19088552443928541,-0.16800711337048083,0.9214774228000878,1041.382366242454,1020.2248731676538,1018.8224834452398,1046.222711294496
9.84924623115578,0.7356612887112564,-0.9693095696945249,-3.5090322531771063,0.018947129922480026,0.10063668724153126,0.9463195173396813,1040.444842931205,997.0842629526996,1028.4254843865456,1030.5631276223023
9.949748743718594,1.1445579307685778,-0.5850468942304252,-0.582568203276868,-0.07036962813156133,0.09056857804168413,1.0047650588474035,1034.181997185782,1053.9920641017068,1039.1918611237493,1046.3770800861196
10.050251256281408,-2.000443722893872,0.1528028365436458,0.12366463143967543,-0.1489299001628318,-0.058781514808029955,1.0720138293996437,1026.869974431693,1040.5471381333,1029.617588071222,1028.9466945772358
10.150753768844222,-0.5576740856408695,-1.7312348083802989,-1.0575260683221668,-0.2167807896618338,-0.15266464636154295,1.035117953161815,1025.3099733140145,1037.9981097684897,1026.7426178929472,992.1658312376808
10.251256281407036,3.7021457848262784,-0.9482436924327367,-1.7507651693627402,0.09994045080652847,-0.15411053272890163,1.0173827599761118,1042.86848237937,1032.4810549044955,1030.8755543622685,1027.7204892652594
10.35175879396985,2.772382377169591,2.4068558335746175,4.238996736413393,0.08669677854593356,-0.05599023689119711,1.0054682414665213,1038.303542966017,1009.2697364696135,1020.9421160314457,1045.902157280069
10.452261306532664,0.8747208453455303,-1.614739564461928,2.3577969068164157,0.08660452876599924,0.0966777737467937,1.0280165098868743,1026.1404999907331,1022.7457429066684,1024.8519110973543,1016.5938097137442
10.552763819095478,1.4862469170257862,-2.1957442689896753,4.138216192815329,-0.019298916952808384,0.13923685370164868,1.0141157033590478,1046.231684694897,1042.6267116217603,998.7131134164249,1024.1805254663882
10.653266331658292,0.4115149887270847,-0.2600499590677887,5.071418058364539,0.2110402118837626,-0.07447976032229535,0.9279019407656145,1028.0644882730533,1014.2316995532625,1044.6058934627856,1027.3579974467352
10.753768844221106,3.713166771655964,2.4639110050196917,3.7968509795176004,-0.07261777418772265,-0.17302386389771757,1.0032255455143206,1017.2250673849841,992.0234602562377,1034.4819667048264,986.5072918019728
10.85427135678392,0.5992948444116722,0.606156384006221,4.973289528451121,0.14329038558108081,0.04017654567994999,0.9248417938757573,1018.6154395164498,1026.593409883286,1018.3981623394985,1055.0702136315622
10.954773869346734,1.4636841842696962,0.07083784376876334,2.7914031412731917,-0.005811434248431453,-0.12353024559387742,1.0056757780030576,1015.3188874553535,1027.8736366895869,1058.4810247203286,1016.4793648015424
11.055276381909549,3.29206028828413,1.088717595031214,-0.5609801649172339,-0.09125261470190063,-0.07773789582918036,0.9663546440958231,1025.9138497509448,1032.0334512462207,1031.3052472058857,1037.586031487092
11.155778894472363,-0.5547429696918131,-2.491414865719304,6.173442542462388,0.0888795460976642,0.19879141356555563,1.1777567135948004,1048.505864175043,1040.927779652718,1014.457846420372,1028.6994829577768
11.256281407035177,4.117578368993788,1.989411307550065,1.2326636016566193,0.06144541780259905,0.1240673142848652,0.9972073931373802,1017.9235722845424,1039.564087183468,1042.851061322057,1048.8642858453904
11.35678391959799,-2.0609228194867537,1.7668700628072882,0.1932111037127222,0.05354591389003892,0.023696146837717754,0.9017032303616888,1032.8271364152715,1033.8815470786587,1035.970723247639,1036.0908418364213
11.457286432160805,4.259284262225597,0.18138305180855752,2.466246372586806,0.012191763308429812,-0.1907878501669084,0.9906073852526153,1020.1496598155888,1047.9329708213006,1035.9186997822633,1026.4761359271854
11.557788944723619,0.2546488320960508,3.0118490235928332,0.2615672421104609,-0.005683962257524631,0.03170948512059883,1.0363551121946522,1026.0953643809285,1007.2154532878003,1023.6136659302261,1016.5972736122108
11.658291457286433,0.5146025043494364,-1.2549921979060774,1.7477088540317034,0.35825579893056575,0.15939859361812897,1.1171354762306767,1007.3493818202212,1037.5687272171608,1036.7574358566706,1041.967760520732
11.758793969849247,-2.780020342365886,3.255817986507138,4.032161764690399,0.17763849677942592,-0.056345049864830334,0.9587383320042897,1026.691926562652,1039.3980754500542,1026.0736256466837,1001.8983804406807
11.859296482412061,0.09041056524461422,1.3089873311905023,4.045025217738381,0.10842403424782682,0.20266711349800726,0.8892300418183452,1027.0944193029256,1011.4065657087964,1038.3391217746876,1039.6883563041383
11.959798994974875,-1.0796130620537685,0.32689482024365324,0.30650980072311196,0.01676987373050824,0.19391179342773104,1.0571785908001687,1038.1043191605354,1007.4569408697641,1001.4258331898404,1013.5143287266769
12.06030150753769,-0.21529269074694524,0.9602527292633769,1.5368838811537662,0.15107358008950036,0.249559924821521,0.9033580905870244,1033.3492136988305,1018.8108681028659,1023.4918980553122,1048.7842549293496
12.160804020100503,0.7253780684222408,0.7854704683781165,6.222999014310731,0.07769921645871777,0.04578646897970294,0.9694691190944761,1012.0241181257193,1020.0768783622706,1055.8323264671228,1032.4194931399404
12.261306532663317,2.9155832289458115,3.440565792835434,4.489200353201824,0.003930712916105349,0.08810875497090183,0.9819665660142304,1046.2629736606532,1041.3012919525365,1018.4939881689955,1039.6618565177516
12.361809045226131,1.4152067028012516,-1.153358254942027,9.225195118045626,-0.04553464878988726,0.2121280932496635,0.9951256582689925,1033.15454560333,1020.7819182446336,1020.9424255376022,1031.2298322073707
12.462311557788945,1.6153533068022277,-0.5250384782931965,6.540384521224583,-0.01213760064940323,0.06710909056034634,1.0482415119952035,1032.9759027576622,1017.1547722257819,1023.2805799232503,1003.714343572885
12.56281407035176,-1.1910387776911247,3.0726057841449594,6.432879205679817,-0.47556386038170834,-0.0751851161685319,0.9521456002399529,1029.8622646992228,1020.8254939495816,1011.7779079616704,1017.0890625490699
12.663316582914574,-0.7615081792054603,-0.1910698703677185,-1.1636056513674058,0.031590125894646263,-0.0672814254791792,0.9808389523483267,1022.2336382916667,1046.7794850123132,996.8757883565762,1040.0858400641707
12.763819095477388,4.597450036702623,2.801066154663183,5.291581054900268,-0.07327141201655395,0.03578324306606087,0.9990010752935428,1033.267035096231,1030.1956506156544,1026.5412040221458,1032.4998372603977
12.864321608040202,-0.4704020695264932,4.398871966017419,2.8406795949092682,0.2389004997424326,-0.1935842132919328,1.0104718570263151,1037.1338265389288,1027.3112346196463,1032.0378913612249,1047.7148485795851
12.964824120603016,4.312416504114591,0.19640994611673268,1.3470545893852512,0.0029016106217631434,-0.021488837304628895,1.0068479022295547,1003.7965646298167,1028.3499175194843,1029.2124239719203,1036.0491184455575
13.06532663316583,0.513877602238267,2.362724653150611,3.5040460215975857,-0.17834451293024428,0.16448206773453805,1.0305204042655807,1021.9185874398086,1049.3809050148977,1027.8268215707817,1015.4994716394601
13.165829145728644,1.0045758722870082,-1.307384562679717,5.835634603834451,-0.007482023119217655,-0.32868807767479213,1.0590687656749216,1026.175795443946,1018.7624241009514,1030.6456130627557,1018.0590379341905
13.266331658291458,3.1407303204598596,2.5094665961356184,4.502494773012635,-0.15691816275937562,0.23017231526917722,1.0274843880955677,1033.8425590854142,1049.7326243641016,1045.3426220732615,1031.5437608578486
13.366834170854272,3.543784843877313,1.3988479719735343,0.3645785959738199,0.07101111235686997,0.16835613280547393,1.0317509866456454,1047.8996650889069,1033.1574444838225,1027.1433072110617,995.2893390099985
13.467336683417086,0.778374879441825,1.9460765643204305,5.227376740777861,0.0436421046509228,-0.06896469237457144,0.8892443783277466,1018.4238877810483,1027.5937092703698,1021.3887613436909,1055.1016282843448
13.5678391959799,0.22351389295692226,-0.29114414407079003,1.0872373737721084,0.14367594466624015,0.08150862418077144,1.0035159389415977,1022.5305722977324,1067.5135074690143,1025.7831177266787,1036.6262010456633
13.668341708542714,0.8881591029555738,-2.322166831134345,3.6500493568928585,-0.11863226875418481,0.00047215903594899496,1.0335655283601126,1022.3119883403017,1014.165407653021,1038.6902013963515,1048.405518955733
13.768844221105528,1.6759150564642367,2.0065041294990094,2.0899497975685972,0.00510121443422202,0.18449855526580244,1.0510258836199315,1017.9770861484319,1024.6947136064948,1051.1804031781487,1006.2909408878625
13.869346733668342,2.782607373739511,-3.126806304958909,2.3434012447931227,-0.2047532693139953,0.14740247141549118,0.9515354458036344,1024.792202573316,1011.51353141254,1020.5778439124623,1048.6684774053288
13.969849246231156,1.0084597179883033,0.3652990155149304,5.298728925121528,0.10522421728870716,-0.21001060847745137,0.9538672507577949,1041.5620332998196,1044.2869295580426,1031.4840068054332,1063.4724836654161
14.07035175879397,2.237772596046307,2.8823637328399396,-0.12058115944769376,0.0778306770660183,0.08808936201962651,0.9598129527301481,1014.1924675695349,1055.3378340047752,1035.0753616290394,1010.1868246693402
14.170854271356784,4.276719464541882,1.383795471746072,8.8355852228308,0.07437075315413562,-0.030844178046487147,1.0375489729923941,1036.4172159272935,1055.0488417210695,1015.1113298990676,1041.5710269235565
14.271356783919598,1.7626192245295693,4.896685289579626,-2.463258207883489,0.000242854703541168,0.012424885577714985,1.0723716738446947,1004.4714665497249,1048.35923129719,1030.3062575081938,1030.0166491703094
14.371859296482413,1.6233057120095566,3.050218305163547,1.2069969502354287,0.06221593361831863,-0.10922578514547233,0.9714777924895879,1021.5799300533669,1027.0356929830605,1008.0148921398686,1006.8334922762764
14.472361809045227,-2.0378216501801356,-0.3077967766511529,4.110635669825223,0.24065086624628942,0.2622205603681253,1.0635573619538934,1025.0576604967303,1024.5213853376522,1003.464245443909,1037.393259577778
14.57286432160804,-4.261460273658127,1.0546267597028773,4.752942499305929,-0.042764138556302095,0.1560092729853864,1.0086435866415215,1055.122895093711,1004.932453412589,1035.5011961183839,1042.5040480725602
14.673366834170855,1.7767514584603368,0.9052585949111281,2.6985728382848846,0.020796777556512675,-0.11096567459594509,0.9912999955986295,1025.8779654287098,1060.538103027727,1024.2418788800383,1020.9831017099673
14.773869346733669,0.8103515374382555,-2.1643535266922544,2.8278278909953727,-0.16291894487721145,-0.2001915910365349,0.9852031039127421,996.9813478982362,1037.034671172227,1033.0342061143183,1047.4887478038283
14.874371859296483,-0.02956534982948389,-0.8807978329687065,4.231650255982849,-0.13023914423974983,-0.057850894646677226,1.052262795522151,1000.0166663970813,1022.6206464269577,1029.7315753448747,1004.9985488981621
14.974874371859297,1.4870604083726893,-0.1215218139597205,2.3067915676269592,0.014671993963996106,0.06517539691369585,1.0227904471750948,1030.5104437952002,1049.9208533348044,1015.353999270043,1007.5786578032553
15.075376884422111,0.8791925416061834,-3.072441005711873,7.179543773804718,0.16559003200528608,0.03603087659193345,1.1593077799353346,1039.2065628368487,1015.4085322486,1029.321185470535,1032.0489609338313
15.175879396984925,3.255560501267797,1.0949869365032858,5.518047342694807,-0.038442123637735866,0.1879699237152365,0.9403442749901874,1035.6318378644087,1036.0993305133402,1011.5034804247772,1030.380779169584
15.27638190954774,1.172221736517956,0.5018563106939186,5.618473053016904,-0.035387479396818584,0.11848795832712783,1.0362671191420982,1032.513551587015,1027.4105629856374,1050.864585370021,1019.2513976736384
15.376884422110553,-0.4938465701403352,-2.3457878026231485,0.10152982988874903,-0.0610327866756562,0.14543535386293602,0.9629559293131941,1047.433893962585,1039.5801570982046,1009.6604448271005,1042.1439165395782
15.477386934673367,2.9803324779185782,1.808425730554664,2.7618347267828915,-0.08021350062664846,0.0490283100915656,0.9391499109107949,1021.906131688943,1029.0463969122081,1027.0632209354712,1037.9634147132392
15.577889447236181,0.565737850107595,2.4317454893819193,2.0986021538378887,0.04424571835632323,-0.20839480953164854,0.9992393004075519,1043.4236583404024,1008.2360816333317,1014.3659261792913,1042.8720860640103
15.678391959798995,2.053073367344614,1.4540689577297778,-0.01680412706839718,-0.22458864677679669,-0.029354779672035217,1.0096146735584925,1005.5197767246037,1031.1336455900505,1038.5563176004118,1028.152953469716
15.77889447236181,0.04517858761439908,0.3518636495820596,4.080492551837301,0.19214093650000913,0.15901346098629981,1.2042721488542065,1016.425782505929,1045.7329621281303,1025.0285294307776,1039.0387040196752
15.879396984924623,-0.2996537709948728,2.1828843035037098,1.3870627266605506,-0.09981334471941908,-0.007728439278696909,0.9871097929021758,1002.8943790760228,1029.5617539121902,1022.2199992056818,1023.3152454545501
15.979899497487438,1.1683364603713924,2.360440720953382,4.966211489550711,0.10828552281572121,0.07546355529356201,0.9208874889360722,1025.877320489953,1041.6267268238362,1042.7980231757733,1060.807280351299
16.080402010050253,1.0256572870873701,1.6148071394393768,-0.21057468868299534,-0.19049978960908137,-0.04781224728691997,1.019110750224607,1029.3060817410048,1014.3170577148892,1030.4414588751633,1017.8118134481703
16.180904522613066,1.959654070733666,-0.6492245008695219,8.157121838525462,0.10032601958193273,-0.15447177728127676,0.8547751973717542,1031.7115223833978,1029.6060881009523,1037.7496666890395,1061.5794614418746
16.28140703517588,0.4627084933805149,1.5532015310223612,0.31100202422381473,0.10079169117217462,-0.018501609606916568,0.9935630252177013,1030.928250293307,1020.6323431736713,1015.280110952238,1030.523319206341
16.381909547738694,-2.6727195675407946,3.390961301650958,3.657907011601308,0.057630310800884474,0.04635711645489809,1.0011217697606611,1016.0867000378241,1041.2047126015707,1008.9277458410874,1009.3673366564689
16.48241206030151,0.13445223282322272,-0.19325811722346042,5.3755779311642025,-0.14916427826996884,-0.09835315791921655,1.055622026806165,1027.1463873338018,1030.47237343393,1031.608119430602,1050.521190257329
16.582914572864322,2.587636934287631,5.1958786782648625,1.2880787093996617,0.03743222843971155,-0.03535668672850027,1.0681535574599492,1007.5382999709137,1040.3511051450491,1025.2173046675791,1031.8885208259244
16.683417085427138,0.4052478415137871,-0.051261867970768815,5.557405930298852,-0.17745842771015835,-0.14091948629789738,0.9647501266764598,1050.4484346269837,1046.315656392368,1039.3965200868092,1042.7668614757035
16.78391959798995,0.5072331949709039,1.0648140266802724,-0.6875507934012486,-0.0379144882644278,0.1678867376346144,0.9894570189759047,1025.44560890653,1040.3742786268208,1028.8013732100617,1048.357838778139
16.884422110552766,2.972753011811874,-0.34497119201267235,7.356353097547681,0.15441196514329888,-0.044168363638205095,0.946371541857253,1022.6667082143447,1034.0967765144046,1033.0761300885194,1035.0693333121753
16.984924623115578,-0.4239464545178455,1.4465416718405217,3.042447794897275,0.11950528906061131,0.21791333176892747,0.9210356211634614,1053.8341049266612,1015.0268161223289,1005.6492620508814,1021.1163873278077
17.085427135678394,-2.0856064364857994,-2.4844433852705503,1.2107657760933612,0.002277441381064968,0.22931217758113626,1.0216926345566444,1011.3663019967615,1029.9582083399964,1058.3265540942139,1044.6357006650387
17.185929648241206,0.6787377609490113,-0.09208359763344243,2.1024546827176964,-0.1462209863884263,-0.012156894708261564,0.9108490115982381,1013.1161932895204,1022.0036439697625,1027.5363702245195,1030.011332611819
17.286432160804022,0.031652097502525955,-1.1842424006971344,5.4267578081781584,0.09683815682612901,-0.15126730988210244,0.9709761169599695,1013.5566951269715,1024.8390406494366,1040.463804555088,1040.2878672791262
17.386934673366834,-0.9324926395065081,1.2706766957845819,1.2466341244486854,0.0029071856547037817,-0.31288468166000055,0.9303378228070533,1028.9819292745078,1024.3819877387461,1017.4586249467056,997.694041393128
17.48743718592965,0.6492430882026186,2.9888947510178148,0.751926931731667,-0.3480473397345635,-0.22080556095401874,1.0384778230403182,1036.474474444564,1015.3011163782663,1034.6201485332601,1036.7047257551478
17.587939698492463,1.9830112944935672,2.292012374229103,2.3353902072487855,0.1173944739474777,-0.206075223734799,1.1261001069486543,1041.0951320217675,1000.6399211629902,1010.4573285471288,1020.4212126228246
17.68844221105528,0.9814228768643685,-3.7433187217177846,-0.5308863383099043,-0.0036349250804538218,0.2067704441192257,0.9088888412037668,1068.5799297624246,1019.9778542750835,1036.781017573895,1054.799644557678
17.78894472361809,1.6139621453724755,5.084139305855761,8.461631723825446,0.18036768719746082,0.017373688084041914,0.8702887061971701,996.2585131869886,1032.9006917788624,1024.6603887342126,1039.3463102183364
17.889447236180906,4.626815397030846,1.5905598812417368,1.3008162263558303,-0.1642905778264207,0.05844067861379817,0.9912579180254952,1039.1310338368662,1009.7773443185877,1030.4378575590335,1033.5978661877396
17.98994974874372,0.31424227688487183,-0.5529982809860006,5.4948503585412105,-0.4765055719794001,-0.33306315134026887,1.001098845717043,1021.6430414114166,1030.2352335470744,1040.4696104519514,1037.2946499002533
18.090452261306535,1.556697269289339,1.3142558379818816,3.628410250943318,0.041862578751777776,-0.17969496438258922,1.0153061514730108,1021.2037727666684,1058.5040263646645,1011.5118953316958,1015.0233872068492
18.190954773869347,-0.018426725198269045,1.3523796450053847,0.04639784855409568,0.04373455150229591,0.13306196646694304,0.9687575639335958,1020.7034180761918,1045.3458483287836,1019.732624040808,1054.3488503579208
18.291457286432163,-0.6927194397739458,-0.33369743390312734,2.9821358723618117,-0.2536007441409678,0.04301611685738793,0.9859552490822198,1016.3684549378804,1054.653122636808,1036.8598642163015,1059.8705562762536
18.391959798994975,-0.1698153068355397,1.395833334684151,5.352008337932244,-0.14677493187999094,-0.02208079180283959,1.025725728737842,1055.2678725190517,1035.8669181539908,1061.4733221182012,1035.8937026582232
18.49246231155779,0.042482856956622905,-0.2149445752406145,2.43521599474108,0.41328266155798526,0.08472635379001837,1.0728301624851386,1042.6344599052086,1047.5126473447967,1027.9287649800779,1053.8560535286047
18.592964824120603,1.718951595094251,0.19127601461995447,6.579338837553084,-0.045841592123070506,0.24536967092037223,0.8631465860777202,1030.3479396783607,1019.1405290429832,1038.867041768859,1021.462777019912
18.69346733668342,5.698151573401515,-0.37255827151016896,6.064546178345592,0.10964384645643241,-0.03315636953055758,0.9741742392677977,1050.265236287305,1020.3348959946702,1028.3954279521229,1018.0432965066253
18.79396984924623,-0.43208687255168066,-1.8653425794793055,5.756744563974988,-0.09759897410525754,0.010405470398710414,1.0149666155758745,1007.3120655205169,988.9128969079379,1059.1336839213445,1030.613871230934
18.894472361809047,0.16674938876907497,1.2916729404307679,1.6210296831810092,-0.3135454348279735,0.02888953780969577,0.9357416726772485,1010.0394230300361,1047.7921821106345,1003.7916749955211,1036.5241155755184
18.99497487437186,0.8737539737775035,2.1705988730326764,-0.23952734334446113,-0.025538737019385825,0.35881644529109885,1.121181874223711,997.3304840170797,1053.1048596972983,1031.4193156700403,1024.0901997813532
19.095477386934675,1.791597697419494,2.0297671921527445,1.1592371839116167,-0.039840684042915776,-0.31490343966285383,0.9555213083839884,1019.5087818981507,1021.702341319791,1005.6168394965691,1038.0665228555272
19.195979899497488,1.5271016239095698,2.6398505052704686,3.5887228220001615,-0.05998173580025572,0.1024834522183212,0.9971095119094902,1032.4254779005712,1026.1907244040415,992.4014264419493,1034.5958422311012
19.296482412060303,3.5681915878962345,1.6486804200297365,4.637360140597067,-0.017196125325958867,-0.017220337313859548,1.0389215467789603,1031.542878668985,1018.6920682946355,1034.4619307967673,1015.0253983706342
19.396984924623116,-3.8527841410704164,-0.06545099643380703,-3.5147142142813426,0.03964024074684548,0.08501575892762693,0.9586100647838673,1032.2401286658983,1035.7398032721624,1032.0924669422118,1037.7818952617758
19.49748743718593,-3.7738597403913454,2.6793277288623774,2.9756603951647493,-0.022517542688070987,-0.09860588309920866,0.8707398866536908,1008.8341475340088,1046.8739881795486,1025.7274459338669,1042.9529236378228
19.597989949748744,0.008243655979701447,-1.71503507968387,3.4742676759695534,-0.18960092519210456,-0.007344754628767538,0.9699941831158426,1042.0473211392102,1003.8584203917844,1028.4070886494037,1032.5720397638559
19.69849246231156,3.1946003750874175,-0.8013427650249603,2.1673672310533454,0.07292771873429083,0.10671158691982427,1.072060838914893,1033.594412773585,1036.1415779596339,1076.474491511069,1047.2897215489254
19.798994974874372,-2.1312960632111926,-0.9284001428464894,6.873821517047636,-0.2924057632983635,0.4669365301565761,0.9764173411250403,1040.99581422199,1025.8499234242129,1026.1273729295285,1011.7389430975458
19.899497487437188,-5.015264679387514,3.1601121182786205,4.265340222752613,-0.30755361859263003,0.1212054284103107,0.9407495988978715,1001.6085673361492,1031.7009158795004,1037.6518654187512,1037.0192563319779
20.0,2.1423588124384176,2.885577028280151,6.930575724242691,0.11087707420523518,-0.12720983970457628,1.0647970546651906,1034.6723628819668,1036.8849100251143,1020.2595277057918,1012.4457894040484
