0.000000000000000000e+00,-2.040902900923658725e-01
2.083333333333333218e-02,-1.227208963043924239e-01
4.166666666666666435e-02,-6.967873375527802726e-02
6.250000000000000000e-02,-3.532096079794877497e-02
8.333333333333332871e-02,-1.324860334480290266e-02
1.041666666666666574e-01,8.000093133583958353e-04
1.250000000000000000e-01,9.515564798040445152e-03
1.458333333333333148e-01,1.474614727395867977e-02
1.666666666666666574e-01,1.788826050911249826e-02
1.875000000000000000e-01,1.944301818378053187e-02
2.083333333333333148e-01,1.999408711009566242e-02
2.291666666666666574e-01,2.024101170904867714e-02
2.500000000000000000e-01,1.964389846224202235e-02
2.708333333333333148e-01,1.923573508095881984e-02
2.916666666666666297e-01,1.844869126676849241e-02
3.125000000000000000e-01,1.749374546402595806e-02
3.333333333333333148e-01,1.675748203285660695e-02
3.541666666666666297e-01,1.588082669637083666e-02
3.750000000000000000e-01,1.511820841507683505e-02
3.958333333333333148e-01,1.434325037999726812e-02
4.166666666666666297e-01,1.352405744866373369e-02
4.375000000000000000e-01,1.270573535436261489e-02
4.583333333333333148e-01,1.197998159692478803e-02
4.791666666666666297e-01,1.129142770601149377e-02
5.000000000000000000e-01,1.056787227055878270e-02
5.208333333333332593e-01,9.851239414328043578e-03
5.416666666666666297e-01,9.250347699526623169e-03
5.625000000000000000e-01,8.598228406167399487e-03
5.833333333333332593e-01,8.052206355523873482e-03
6.041666666666666297e-01,7.493052474622446425e-03
6.250000000000000000e-01,7.086487291353398693e-03
6.458333333333332593e-01,6.748498795537210236e-03
6.666666666666666297e-01,6.296045363585142142e-03
6.875000000000000000e-01,5.918881558724808575e-03
7.083333333333332593e-01,5.703152805792146077e-03
7.291666666666666297e-01,5.196396435490952155e-03
7.500000000000000000e-01,5.229281165407136459e-03
7.708333333333332593e-01,5.192780216085613951e-03
7.916666666666666297e-01,4.864595208001455673e-03
8.125000000000000000e-01,4.925011921833106349e-03
8.333333333333332593e-01,4.643236496633547025e-03
8.541666666666666297e-01,4.353148736606872980e-03
8.750000000000000000e-01,4.298968115703376801e-03
8.958333333333332593e-01,4.210190022334924648e-03
9.166666666666666297e-01,4.061437981186119539e-03
9.375000000000000000e-01,3.890573072142596619e-03
9.583333333333332593e-01,3.661057103750542125e-03
9.791666666666666297e-01,3.460294076613730594e-03
1.000000000000000000e+00,3.263227100448918769e-03
1.020833333333333259e+00,2.986165956247457346e-03
1.041666666666666519e+00,2.783800446777481234e-03
1.062500000000000000e+00,2.609871571366085240e-03
1.083333333333333259e+00,2.468778204447635936e-03
1.104166666666666519e+00,2.293724446386014547e-03
1.125000000000000000e+00,2.125130967500689187e-03
1.145833333333333259e+00,1.989077715188708722e-03
1.166666666666666519e+00,1.901641101794084151e-03
1.187500000000000000e+00,1.796445311894372988e-03
1.208333333333333259e+00,1.660175223457031803e-03
1.229166666666666519e+00,1.561946283453195848e-03
1.250000000000000000e+00,1.512696927905140751e-03
1.270833333333333259e+00,1.458509537126607709e-03
1.291666666666666519e+00,1.326525350999595331e-03
1.312500000000000000e+00,1.247534125953410041e-03
1.333333333333333259e+00,1.021955906896654951e-03
1.354166666666666519e+00,1.040709970942265295e-03
1.375000000000000000e+00,9.932395772084853629e-04
1.395833333333333259e+00,9.941980418009784340e-04
1.416666666666666519e+00,1.001644072248699746e-03
1.437500000000000000e+00,9.854931340492582847e-04
1.458333333333333259e+00,9.367564715537248475e-04
1.479166666666666519e+00,9.129495903869894353e-04
1.500000000000000000e+00,8.582008464734497541e-04
1.520833333333333259e+00,8.002685390952502410e-04
1.541666666666666519e+00,5.437034225618747954e-04
1.562500000000000000e+00,5.502205741194840776e-04
1.583333333333333259e+00,5.199523108130098357e-04
1.604166666666666519e+00,4.734034425598078184e-04
1.625000000000000000e+00,4.696974764827883779e-04
1.645833333333333259e+00,1.971777308737483357e-04
1.666666666666666519e+00,2.646389252251379691e-04
1.687500000000000000e+00,2.189356314807490835e-04
1.708333333333333259e+00,3.205663516670854735e-04
1.729166666666666519e+00,4.124732404705608421e-04
1.750000000000000000e+00,4.303641649150624290e-04
1.770833333333333259e+00,3.048617679785099082e-04
1.791666666666666519e+00,3.157614972187087121e-04
1.812500000000000000e+00,3.311110753031335559e-04
1.833333333333333259e+00,1.128191334271556412e-04
1.854166666666666519e+00,1.449963288169032766e-04
1.875000000000000000e+00,1.340965648418894051e-04
1.895833333333333259e+00,1.356856778717678591e-04
1.916666666666666519e+00,1.719536549930535270e-04
1.937500000000000000e+00,-1.119158981189291363e-04
1.958333333333333259e+00,-1.042508982437325137e-04
1.979166666666666519e+00,-1.872819976550295503e-04
2.000000000000000000e+00,-2.007886296420948740e-05
2.020833333333333037e+00,1.148555442926355231e-04
2.041666666666666519e+00,7.104309829440334182e-05
2.062500000000000000e+00,1.166502238652818244e-04
2.083333333333333037e+00,1.591115491220979191e-04
2.104166666666666519e+00,2.208517197679012221e-04
2.125000000000000000e+00,2.418455894188136694e-04
2.145833333333333037e+00,2.281753635073472460e-04
2.166666666666666519e+00,2.198776108628309361e-04
2.187500000000000000e+00,2.397151460590710788e-04
2.208333333333333037e+00,1.772540636300090383e-04
2.229166666666666519e+00,1.929584077913044590e-04
2.250000000000000000e+00,1.938499746567654317e-04
2.270833333333333037e+00,2.059708221936983324e-04
2.291666666666666519e+00,2.363713521643949532e-04
2.312500000000000000e+00,1.099393760820860383e-04
2.333333333333333037e+00,1.430738290280989542e-04
2.354166666666666519e+00,1.590264200683544414e-04
2.375000000000000000e+00,1.930709349998983805e-04
2.395833333333333037e+00,2.211323015525032605e-04
2.416666666666666519e+00,2.209582337979914591e-04
2.437500000000000000e+00,1.974242270879973313e-04
2.458333333333333037e+00,1.796508899570907990e-04
2.479166666666666519e+00,1.850780578070232256e-04
2.500000000000000000e+00,1.826235029920337963e-04
2.520833333333333037e+00,1.272661168055956430e-04
2.541666666666666519e+00,5.291177936102500491e-05
2.562500000000000000e+00,-1.163014128028387312e-08
2.583333333333333037e+00,-3.011893645322750719e-04
2.604166666666666519e+00,-2.162953117174342018e-04
2.625000000000000000e+00,-4.251727402316560558e-04
2.645833333333333037e+00,-2.456686787996579147e-04
2.666666666666666519e+00,-1.343886724048831986e-04
2.687500000000000000e+00,-5.900191267240734177e-05
2.708333333333333037e+00,-9.044677401436262097e-05
2.729166666666666519e+00,-9.062357425578799845e-05
2.750000000000000000e+00,-1.943163376734236881e-04
2.770833333333333037e+00,-3.764542197913316982e-04
2.791666666666666519e+00,-3.132609649264518300e-04
2.812500000000000000e+00,-2.094511081843033508e-04
2.833333333333333037e+00,-7.893232634054534868e-05
2.854166666666666519e+00,4.284072007534785582e-05
2.875000000000000000e+00,7.249454712474515485e-05
2.895833333333333037e+00,-3.155534390103674936e-05
2.916666666666666519e+00,5.525894773214964738e-05
2.937500000000000000e+00,1.246338729949731836e-04
2.958333333333333037e+00,6.239594853238425768e-05
2.979166666666666519e+00,7.332804510271977670e-05
3.000000000000000000e+00,6.668207977161652751e-05
3.020833333333333037e+00,6.611474615284342082e-05
3.041666666666666519e+00,-8.453895390284185728e-05
3.062500000000000000e+00,-6.681025436865941529e-05
3.083333333333333037e+00,-3.494642653833679642e-05
3.104166666666666519e+00,-2.863137342038246814e-06
3.125000000000000000e+00,8.733604861837189351e-05
3.145833333333333037e+00,8.666793817344390900e-05
3.166666666666666519e+00,9.753807274771635267e-05
3.187500000000000000e+00,1.117939085751358953e-04
3.208333333333333037e+00,1.615057556591004714e-04
3.229166666666666519e+00,1.740395567308254676e-04
3.250000000000000000e+00,1.601753205021350080e-04
3.270833333333333037e+00,1.670519175669460453e-04
3.291666666666666519e+00,1.742759811199267781e-04
3.312500000000000000e+00,1.252363169777138843e-04
3.333333333333333037e+00,1.290738177435815919e-04
3.354166666666666519e+00,1.429455691790802859e-04
3.375000000000000000e+00,1.351458744952578454e-04
3.395833333333333037e+00,1.583047666954736634e-04
3.416666666666666519e+00,1.531842832024363850e-04
3.437500000000000000e+00,1.303940225778115944e-04
3.458333333333333037e+00,8.861942935864923357e-05
3.479166666666666519e+00,7.690266304244667455e-05
3.500000000000000000e+00,-5.310686049589328611e-05
3.520833333333333037e+00,-4.240554045669485774e-05
3.541666666666666519e+00,-4.863417506645749448e-05
3.562500000000000000e+00,-4.292056555715752507e-05
3.583333333333333037e+00,2.080357435895627364e-05
3.604166666666666519e+00,7.334942422281740740e-06
3.625000000000000000e+00,-2.211742710107329391e-05
3.645833333333333037e+00,-4.482510123108248871e-05
3.666666666666666519e+00,2.715154795371734266e-06
3.687500000000000000e+00,-2.153821227860497016e-06
3.708333333333333037e+00,-5.686849854617135122e-05
3.729166666666666519e+00,-9.431048244590750683e-05
3.750000000000000000e+00,-1.308472169431802604e-04
3.770833333333333037e+00,-1.428172102433876119e-04
3.791666666666666519e+00,-1.715291138825082045e-04
3.812500000000000000e+00,-1.899259748945561098e-04
3.833333333333333037e+00,-1.463555898806546886e-04
3.854166666666666519e+00,-2.267362779160252411e-04
3.875000000000000000e+00,-2.057988480852015773e-04
3.895833333333333037e+00,-1.950564262838178260e-04
3.916666666666666519e+00,-1.252211681438465153e-04
3.937500000000000000e+00,-4.149379986778286547e-05
3.958333333333333037e+00,-1.517799396926476538e-05
3.979166666666666519e+00,-3.863104261945910590e-05
4.000000000000000000e+00,-2.318302846504435237e-05
4.020833333333333037e+00,4.050121898063906103e-06
4.041666666666666075e+00,-9.551888641166337874e-05
4.062500000000000000e+00,-1.059566879179232819e-04
4.083333333333333037e+00,-1.148247161433911675e-04
4.104166666666666075e+00,-1.106313244822121415e-04
4.125000000000000000e+00,-1.119222582201979130e-04
4.145833333333333037e+00,-4.057710983328554504e-04
4.166666666666666075e+00,-3.521382891528622937e-04
4.187500000000000000e+00,-2.858785775998126406e-04
4.208333333333333037e+00,-3.646777306540871380e-04
4.229166666666666075e+00,-2.294348637716032470e-04
4.250000000000000000e+00,-1.637615338988759352e-04
4.270833333333333037e+00,-1.757885010361160977e-04
4.291666666666666075e+00,-3.632341770999876956e-05
4.312500000000000000e+00,7.955005062162732825e-05
4.333333333333333037e+00,1.045449829845398424e-04
4.354166666666666075e+00,1.937646004608824018e-04
4.375000000000000000e+00,1.612848476761101957e-04
4.395833333333333037e+00,1.599930586937582254e-04
4.416666666666666075e+00,-1.667365387682725737e-04
4.437500000000000000e+00,-3.488446273436950545e-05
4.458333333333333037e+00,-2.424632654657390442e-04
4.479166666666666075e+00,-9.918926543406006880e-05
4.500000000000000000e+00,1.878305379234223338e-05
4.520833333333333037e+00,5.947282651445084288e-05
4.541666666666666075e+00,6.619593439907041897e-05
4.562500000000000000e+00,6.473832294864287394e-05
4.583333333333333037e+00,-1.249927724176694158e-04
4.604166666666666075e+00,-4.600342314971808477e-05
4.625000000000000000e+00,3.856968336142992544e-05
4.645833333333333037e+00,9.271423562404152536e-05
4.666666666666666075e+00,1.633663597657184310e-04
4.687500000000000000e+00,1.673962225545400583e-04
4.708333333333333037e+00,-1.103200179017616440e-04
4.729166666666666075e+00,-2.118988167826078536e-04
4.750000000000000000e+00,-2.176986561955199337e-04
4.770833333333333037e+00,-7.401690471865309353e-05
4.791666666666666075e+00,3.029729539138334543e-05
4.812500000000000000e+00,7.394775054101902561e-05
4.833333333333333037e+00,8.524070260630403292e-05
4.854166666666666075e+00,5.234102849973454709e-05
4.875000000000000000e+00,7.297259902290848432e-05
4.895833333333333037e+00,2.772835755408627317e-05
4.916666666666666075e+00,3.419816868224276167e-06
4.937500000000000000e+00,-2.060718976456475096e-04
4.958333333333333037e+00,-1.377596384581194556e-04
4.979166666666666075e+00,-1.478928476132586605e-04
5.000000000000000000e+00,-1.244430574641876655e-04
5.020833333333333037e+00,-5.856109839831337281e-05
5.041666666666666075e+00,-4.883992546500065231e-05
5.062500000000000000e+00,-6.414782135169559468e-05
5.083333333333333037e+00,-8.004208480443442044e-05
5.104166666666666075e+00,-3.852446614419087316e-05
5.125000000000000000e+00,-1.916484110624284184e-04
5.145833333333333037e+00,-2.866318130219072040e-04
5.166666666666666075e+00,-2.043875179038654301e-04
5.187500000000000000e+00,-7.808848179143679886e-05
5.208333333333333037e+00,1.711949630501727925e-05
5.229166666666666075e+00,9.589539808844388499e-05
5.250000000000000000e+00,9.188996163964328228e-05
5.270833333333333037e+00,1.386902380306136542e-04
5.291666666666666075e+00,1.331714476281623091e-04
5.312500000000000000e+00,1.770002434022487341e-04
5.333333333333333037e+00,-7.591068301044660469e-05
5.354166666666666075e+00,4.454443839686219896e-06
5.375000000000000000e+00,2.737754628266563406e-05
5.395833333333333037e+00,9.691034863690148543e-05
5.416666666666666075e+00,1.031284764636508069e-04
5.437500000000000000e+00,9.861760802661476903e-05
5.458333333333333037e+00,1.048294173822824586e-04
5.479166666666666075e+00,-7.525117681668916738e-05
5.500000000000000000e+00,-2.481655101668466001e-05
5.520833333333333037e+00,1.348462918629015053e-05
5.541666666666666075e+00,-9.942528696075269049e-05
5.562500000000000000e+00,-3.455752252967696545e-05
5.583333333333333037e+00,-1.196290860217431507e-05
5.604166666666666075e+00,-7.309591636693769804e-05
5.625000000000000000e+00,-1.781478160758439595e-05
5.645833333333333037e+00,-3.403970168820437777e-05
5.666666666666666075e+00,-4.523082374478717017e-05
5.687500000000000000e+00,-9.814399381148464316e-05
5.708333333333333037e+00,-7.751378161846515639e-05
5.729166666666666075e+00,-1.162333186883278532e-04
5.750000000000000000e+00,-1.204167648462279038e-04
5.770833333333333037e+00,-9.974900862672442627e-05
5.791666666666666075e+00,-8.554304282605447441e-05
5.812500000000000000e+00,-1.226326128403316647e-04
5.833333333333333037e+00,-1.171198227714205216e-04
5.854166666666666075e+00,-1.005794445291700119e-04
5.875000000000000000e+00,-5.800434380438181673e-05
5.895833333333333037e+00,-6.415778151177210147e-05
5.916666666666666075e+00,-4.743450441438820848e-05
5.937500000000000000e+00,4.178162506954478798e-05
5.958333333333333037e+00,7.841444415320377034e-05
5.979166666666666075e+00,7.062449963296299330e-05
6.000000000000000000e+00,4.425968871433594542e-05
6.020833333333333037e+00,9.319020006841560429e-05
6.041666666666666075e+00,-7.333560889369760327e-05
6.062500000000000000e+00,-8.351888935067459206e-06
6.083333333333333037e+00,-2.035217704839238664e-05
6.104166666666666075e+00,1.275007937825589253e-05
6.125000000000000000e+00,2.397593145031025018e-05
6.145833333333333037e+00,-2.845504537821999720e-04
6.166666666666666075e+00,-2.145761242037503799e-04
6.187500000000000000e+00,-4.268753030934070432e-04
6.208333333333333037e+00,-2.532003461460196996e-04
6.229166666666666075e+00,-3.318595452431367682e-04
6.250000000000000000e+00,-5.015881185550807603e-04
6.270833333333333037e+00,-3.130187323676134168e-04
6.291666666666666075e+00,-3.310056969348201773e-04
6.312500000000000000e+00,-1.069546206402344294e-04
6.333333333333333037e+00,2.731407189950709296e-05
6.354166666666666075e+00,9.960899498379111744e-05
6.375000000000000000e+00,1.614535698506874308e-04
6.395833333333333037e+00,1.979614478691524607e-04
6.416666666666666075e+00,2.277504573087705837e-04
6.437500000000000000e+00,9.200443140489035569e-06
6.458333333333333037e+00,9.088392662207806264e-05
6.479166666666666075e+00,1.237354085031429677e-04
6.500000000000000000e+00,1.577550507623633712e-04
6.520833333333333037e+00,1.855366195176397779e-04
6.541666666666666075e+00,1.966926013321034080e-04
6.562500000000000000e+00,1.789252267573657315e-04
6.583333333333333037e+00,1.427038400942033419e-04
6.604166666666666075e+00,1.242452382068401991e-04
6.625000000000000000e+00,1.230968531645124282e-04
6.645833333333333037e+00,-1.118035282061235884e-04
6.666666666666666075e+00,-1.237846162571735391e-04
6.687500000000000000e+00,-1.099695761994533885e-04
6.708333333333333037e+00,-3.184850779188062517e-04
6.729166666666666075e+00,-2.247235066551570883e-04
6.750000000000000000e+00,-1.735861227798830635e-04
6.770833333333333037e+00,-7.845688755137130148e-05
6.791666666666666075e+00,1.879713798500402090e-05
6.812500000000000000e+00,6.660023137781474105e-05
6.833333333333333037e+00,-8.822821266867048485e-05
6.854166666666666075e+00,-9.346916097352985734e-05
6.875000000000000000e+00,1.472486085311151741e-06
6.895833333333333037e+00,6.625523970464066662e-05
6.916666666666666075e+00,9.513525608721033267e-05
6.937500000000000000e+00,1.532012253185960013e-04
6.958333333333333037e+00,1.518355884020698916e-04
6.979166666666666075e+00,1.576174015529549824e-04
7.000000000000000000e+00,1.464021177181992414e-04
7.020833333333333037e+00,1.754429571430292953e-04
7.041666666666666075e+00,1.655824799127149024e-04
7.062500000000000000e+00,1.592364187382840557e-04
7.083333333333333037e+00,1.348074383294990252e-04
7.104166666666666075e+00,1.460432239189796827e-04
7.125000000000000000e+00,1.423431892638083905e-04
7.145833333333333037e+00,1.283124089964567116e-04
7.166666666666666075e+00,7.897716090179432923e-05
7.187500000000000000e+00,6.151536650876736931e-05
7.208333333333333037e+00,3.882792237717528234e-05
7.229166666666666075e+00,2.030313084173750822e-05
7.250000000000000000e+00,-6.972828754646686917e-05
7.270833333333333037e+00,-1.298676199000263932e-04
7.291666666666666075e+00,-3.129800394745370037e-04
7.312500000000000000e+00,-5.863592579580886475e-04
7.333333333333333037e+00,-4.862078680338033669e-04
7.354166666666666075e+00,-6.361663159685626958e-04
7.375000000000000000e+00,-3.776651061565620667e-04
7.395833333333333037e+00,-2.845888195844123881e-04
7.416666666666666075e+00,-1.909468194836562514e-04
7.437500000000000000e+00,-1.367428383128472267e-04
7.458333333333333037e+00,-6.101039647736747779e-05
7.479166666666666075e+00,1.256089737942565630e-05
7.500000000000000000e+00,-1.795348862613855884e-04
7.520833333333333037e+00,-1.358119718587079351e-04
7.541666666666666075e+00,-6.865733398340369427e-05
7.562500000000000000e+00,1.265254136878768952e-05
7.583333333333333037e+00,4.545104585854865034e-05
7.604166666666666075e+00,2.667715708200857970e-05
7.625000000000000000e+00,5.498106853536142833e-05
7.645833333333333037e+00,9.855480755330812449e-05
7.666666666666666075e+00,1.018626731645551803e-04
7.687500000000000000e+00,7.846622487304457348e-05
7.708333333333333037e+00,9.628163869963553365e-05
7.729166666666666075e+00,1.216234543278287196e-04
7.750000000000000000e+00,1.026751556500443149e-04
7.770833333333333037e+00,8.453099095401789113e-05
7.791666666666666075e+00,9.875509367175225209e-05
7.812500000000000000e+00,1.014570419060129491e-04
7.833333333333333037e+00,6.266154213480566411e-05
7.854166666666666075e+00,4.935909157150105960e-05
7.875000000000000000e+00,-6.089174848841638512e-05
7.895833333333333037e+00,-3.250802257701298706e-05
7.916666666666666075e+00,-3.334392017012727125e-05
7.937500000000000000e+00,-2.241415216666447190e-06
7.958333333333333037e+00,4.448158910469907383e-05
7.979166666666666075e+00,2.832983855624313986e-05
