0.000000000000000000e+00,0.000000000000000000e+00
2.083333333333333218e-02,0.000000000000000000e+00
4.166666666666666435e-02,-1.258619178160693408e-01
6.250000000000000000e-02,-6.945207186724747239e-02
8.333333333333332871e-02,-4.805211351521555818e-02
1.041666666666666574e-01,-2.585850291460917161e-01
1.250000000000000000e-01,-1.015323997964193842e-01
1.458333333333333148e-01,-1.264679207761782581e-02
1.666666666666666574e-01,-3.978785675382540132e-01
1.875000000000000000e-01,-8.768320615201986856e-02
2.083333333333333148e-01,1.484612827400643709e-01
2.291666666666666574e-01,-3.940926877283981167e-01
2.500000000000000000e-01,-3.195746197816093925e-01
2.708333333333333148e-01,2.218282577677289091e-01
2.916666666666666297e-01,-1.838713801854405805e-01
3.125000000000000000e-01,-4.872644427994477501e-01
3.333333333333333148e-01,5.408719636586391960e-02
3.541666666666666297e-01,5.441756481577059157e-01
3.750000000000000000e-01,2.834689414782022576e-03
3.958333333333333148e-01,-5.374428406972725503e-01
4.166666666666666297e-01,3.241695325754895447e-03
4.375000000000000000e-01,5.442691633489292746e-01
4.583333333333333148e-01,2.434630516589061586e-03
4.791666666666666297e-01,-5.376077573407869181e-01
5.000000000000000000e-01,2.556653293453272410e-03
5.208333333333332593e-01,5.443641302717551200e-01
5.416666666666666297e-01,1.883891427315450770e-03
5.625000000000000000e-01,-4.505865653395011439e-01
5.833333333333332593e-01,8.944398840233502845e-02
6.041666666666666297e-01,6.323047463273256952e-01
6.250000000000000000e-01,8.932262477337937767e-02
6.458333333333332593e-01,-4.490509280565193606e-01
6.666666666666666297e-01,9.060284711000135549e-02
6.875000000000000000e-01,6.342592817632404234e-01
7.083333333333332593e-01,9.116684724210999402e-02
7.291666666666666297e-01,-2.919699081462808210e-01
7.500000000000000000e-01,2.473469044447671739e-01
7.708333333333332593e-01,7.925492576578366810e-01
7.916666666666666297e-01,2.487484465702642367e-01
8.125000000000000000e-01,-2.892155549990041985e-01
8.333333333333332593e-01,2.499217969395141903e-01
8.541666666666666297e-01,5.847785222604271471e-01
8.750000000000000000e-01,4.125698513945001700e-02
8.958333333333332593e-01,-4.959146038590935834e-01
9.166666666666666297e-01,4.373378999702511039e-02
9.375000000000000000e-01,5.911653223953682312e-01
9.583333333333332593e-01,4.819459892230699288e-02
9.791666666666666297e-01,-4.882907937234872708e-01
1.000000000000000000e+00,5.222091276750513017e-02
1.020833333333333259e+00,5.153801912240026928e-01
1.041666666666666519e+00,-2.703777302885540176e-02
1.062500000000000000e+00,-5.635050862322146248e-01
1.083333333333333259e+00,-2.193569635834925757e-02
1.104166666666666519e+00,4.762769687519995410e-01
1.125000000000000000e+00,-6.556895433834342146e-02
1.145833333333333259e+00,-6.024493197621229035e-01
1.166666666666666519e+00,-6.013438883601736340e-02
1.187500000000000000e+00,4.590097233457402504e-01
1.208333333333333259e+00,-8.255841463749305498e-02
1.229166666666666519e+00,-6.200152646855215943e-01
1.250000000000000000e+00,-7.755172560026797612e-02
1.270833333333333259e+00,4.692061761968124856e-01
1.291666666666666519e+00,-7.248125689309303787e-02
1.312500000000000000e+00,-6.104116432081366783e-01
1.333333333333333259e+00,-6.855742981888329757e-02
1.354166666666666519e+00,4.778469834091333412e-01
1.375000000000000000e+00,-6.431659456904290084e-02
1.395833333333333259e+00,-6.021804142924929160e-01
1.416666666666666519e+00,-6.045401332217031909e-02
1.437500000000000000e+00,4.854025738368378806e-01
1.458333333333333259e+00,-5.655527239583891391e-02
1.479166666666666519e+00,-5.939581477802138298e-01
1.500000000000000000e+00,-5.136470320987618354e-02
1.520833333333333259e+00,4.934714057297447387e-01
1.541666666666666519e+00,-4.702856570711277245e-02
1.562500000000000000e+00,-5.615419635338811943e-01
1.583333333333333259e+00,-1.754435451086086215e-02
1.604166666666666519e+00,5.266770190606127056e-01
1.625000000000000000e+00,-1.303584109677465713e-02
1.645833333333333259e+00,-2.754651314167943510e-01
1.666666666666666519e+00,2.695207369569254663e-01
1.687500000000000000e+00,7.448273138185989017e-01
1.708333333333333259e+00,2.041832450912359487e-01
1.729166666666666519e+00,-3.359358947810672236e-01
1.750000000000000000e+00,2.075719045873887503e-01
1.770833333333333259e+00,6.452807370618429683e-01
1.791666666666666519e+00,1.032737861266417728e-01
1.812500000000000000e+00,-4.367505947811310962e-01
1.833333333333333259e+00,1.042486448241214669e-01
1.854166666666666519e+00,6.295256272806036835e-01
1.875000000000000000e+00,8.623173439671621976e-02
1.895833333333333259e+00,-4.530573861247274570e-01
1.916666666666666519e+00,8.670370906959806723e-02
1.937500000000000000e+00,3.164889158374958877e-01
1.958333333333333259e+00,-2.273773011420225365e-01
1.979166666666666519e+00,-6.176313911140994817e-01
2.000000000000000000e+00,-7.628139819892490459e-02
2.020833333333333037e+00,4.687167434762303797e-01
2.041666666666666519e+00,-7.355222190695603901e-02
2.062500000000000000e+00,-6.113263256796943601e-01
2.083333333333333037e+00,-6.854317457498541877e-02
2.104166666666666519e+00,4.757501976105715236e-01
2.125000000000000000e+00,-6.484592818045957496e-02
2.145833333333333037e+00,-6.035949975281091895e-01
2.166666666666666519e+00,-5.953682696226678117e-02
2.187500000000000000e+00,4.835998272886283256e-01
2.208333333333333037e+00,-5.595795698428027848e-02
2.229166666666666519e+00,-5.958923367971402651e-01
2.250000000000000000e+00,-5.116320107801432954e-02
2.270833333333333037e+00,4.909742803561200075e-01
2.291666666666666519e+00,-4.880249075198229286e-02
2.312500000000000000e+00,-4.779748514960840966e-01
2.333333333333333037e+00,6.658760059575596912e-02
2.354166666666666519e+00,6.080518590516355015e-01
2.375000000000000000e+00,6.713907411134396874e-02
2.395833333333333037e+00,-4.740568268453284051e-01
2.416666666666666519e+00,6.869181139638950995e-02
2.437500000000000000e+00,6.103534596624866637e-01
2.458333333333333037e+00,6.793715516119910869e-02
2.479166666666666519e+00,-4.727653288051227309e-01
2.500000000000000000e+00,6.730775900413882296e-02
2.520833333333333037e+00,6.104452123892852855e-01
2.541666666666666519e+00,6.675478388946512465e-02
2.562500000000000000e+00,-4.730084076094225320e-01
2.583333333333333037e+00,6.398456605454518054e-02
2.604166666666666519e+00,6.091909022015141728e-01
2.625000000000000000e+00,6.413788391183894433e-02
2.645833333333333037e+00,-4.738998950580152747e-01
2.666666666666666519e+00,6.306005660506713850e-02
2.687500000000000000e+00,6.107375303069688677e-01
2.708333333333333037e+00,6.545588941426960794e-02
2.729166666666666519e+00,-4.710564877944772300e-01
2.750000000000000000e+00,6.708141369233225348e-02
2.770833333333333037e+00,3.701427749930598643e-01
2.791666666666666519e+00,-1.741834388344486173e-01
2.812500000000000000e+00,-7.095834721946839840e-01
2.833333333333333037e+00,-1.685873886340189809e-01
2.854166666666666519e+00,3.786374434946437328e-01
2.875000000000000000e+00,-1.629007711880873510e-01
2.895833333333333037e+00,-5.701143928127095917e-01
2.916666666666666519e+00,-2.646509335410421326e-02
2.937500000000000000e+00,5.184207845081080235e-01
2.958333333333333037e+00,-1.903608301271636147e-02
2.979166666666666519e+00,-5.563128630905946892e-01
3.000000000000000000e+00,-1.088449033120384227e-02
3.020833333333333037e+00,5.315923854533265436e-01
3.041666666666666519e+00,-2.193977025508027281e-03
3.062500000000000000e+00,-5.432181225048184903e-01
3.083333333333333037e+00,3.989973730485298943e-03
3.104166666666666519e+00,5.440327747861636309e-01
3.125000000000000000e+00,1.049704447903195871e-02
3.145833333333333037e+00,-5.343485445530193889e-01
3.166666666666666519e+00,1.375466305219986800e-02
3.187500000000000000e+00,5.508727085131315260e-01
3.208333333333333037e+00,1.499179658915316890e-02
3.229166666666666519e+00,-5.317227495359690970e-01
3.250000000000000000e+00,1.499560003414809710e-02
3.270833333333333037e+00,5.501367118317791460e-01
3.291666666666666519e+00,1.099829709007300003e-02
3.312500000000000000e+00,-4.775886140451590101e-01
3.333333333333333037e+00,6.619658212398425723e-02
3.354166666666666519e+00,6.010992023461230183e-01
3.375000000000000000e+00,5.883058577010114726e-02
3.395833333333333037e+00,-4.868079312342035170e-01
3.416666666666666519e+00,5.321833474929927449e-02
3.437500000000000000e+00,5.896271538390593925e-01
3.458333333333333037e+00,4.491568612564393603e-02
3.479166666666666519e+00,-4.987463713265399834e-01
3.500000000000000000e+00,3.787665644549113170e-02
3.520833333333333037e+00,5.770701446505765997e-01
3.541666666666666519e+00,3.056906090088103503e-02
3.562500000000000000e+00,-5.110855130787013145e-01
3.583333333333333037e+00,2.440033113503746812e-02
3.604166666666666519e+00,5.669404121174969058e-01
3.625000000000000000e+00,1.961218808702737404e-02
3.645833333333333037e+00,-5.196919545977021215e-01
3.666666666666666519e+00,1.672343595767038227e-02
3.687500000000000000e+00,5.614100448085093120e-01
3.708333333333333037e+00,1.494795249732195144e-02
3.729166666666666519e+00,-5.226552143598220956e-01
3.750000000000000000e+00,1.577958033170928989e-02
3.770833333333333037e+00,5.210673527058032883e-01
3.791666666666666519e+00,-2.340720509296821336e-02
3.812500000000000000e+00,-5.604578035337993702e-01
3.833333333333333037e+00,-1.949898920972082880e-02
3.854166666666666519e+00,4.129617101561876003e-01
3.875000000000000000e+00,-1.286347291227204204e-01
3.895833333333333037e+00,-6.665890997330075063e-01
3.916666666666666519e+00,-1.233295124082919580e-01
3.937500000000000000e+00,4.197323179956191641e-01
3.958333333333333037e+00,-1.179213192571373775e-01
3.979166666666666519e+00,-6.584202027938237389e-01
4.000000000000000000e+00,-1.135523197100117843e-01
4.020833333333333037e+00,4.274429477442920899e-01
4.041666666666666075e+00,-1.064175472009279977e-01
4.062500000000000000e+00,-6.507743039172629862e-01
4.083333333333333037e+00,-1.048789322823720921e-01
4.104166666666666075e+00,4.340367927730530151e-01
4.125000000000000000e+00,-9.787434379283939390e-02
4.145833333333333037e+00,-3.665393228590729802e-01
4.166666666666666075e+00,1.797924519854167957e-01
4.187500000000000000e+00,7.004603953668118166e-01
4.208333333333333037e+00,1.668864104040481688e-01
4.229166666666666075e+00,-3.847822298184462864e-01
4.250000000000000000e+00,1.615053564404329012e-01
4.270833333333333037e+00,5.615487062880543112e-01
4.291666666666666075e+00,2.363952975964095718e-02
4.312500000000000000e+00,-5.274421736243751768e-01
4.333333333333333037e+00,1.677889117794163776e-02
4.354166666666666075e+00,5.480481651427641099e-01
4.375000000000000000e+00,6.008906992609307739e-03
4.395833333333333037e+00,-5.423180398044693540e-01
4.416666666666666075e+00,-3.146209542355968801e-03
4.437500000000000000e+00,5.289959261353301967e-01
4.458333333333333037e+00,-1.677746686231324641e-02
4.479166666666666075e+00,-5.635873674615512474e-01
4.500000000000000000e+00,-2.777662839471274278e-02
4.520833333333333037e+00,5.090352120370315037e-01
4.541666666666666075e+00,-3.894776382443661950e-02
4.562500000000000000e+00,-5.825438155074308400e-01
4.583333333333333037e+00,-4.821421552126288479e-02
4.604166666666666075e+00,4.919153309706899013e-01
4.625000000000000000e+00,-5.738176622021975287e-02
4.645833333333333037e+00,-5.983946683556594648e-01
4.666666666666666075e+00,-6.133945739387087343e-02
4.687500000000000000e+00,4.810460152391903277e-01
4.708333333333333037e+00,-6.683667671946783018e-02
4.729166666666666075e+00,-4.242084446770447159e-01
4.750000000000000000e+00,1.158098068360463168e-01
4.770833333333333037e+00,6.587292776325741617e-01
4.791666666666666075e+00,1.152710124427392124e-01
4.812500000000000000e+00,-4.239437802139924272e-01
4.833333333333333037e+00,1.182236712880727764e-01
4.854166666666666075e+00,6.139294577169162048e-01
4.875000000000000000e+00,7.416316039529591286e-02
4.895833333333333037e+00,-4.668884454316387655e-01
4.916666666666666075e+00,7.685826002786709521e-02
4.937500000000000000e+00,4.155536957687166466e-01
4.958333333333333037e+00,-1.220682438204369891e-01
4.979166666666666075e+00,-6.661480956661515185e-01
5.000000000000000000e+00,-1.213668076641206267e-01
5.020833333333333037e+00,4.179026161456860788e-01
5.041666666666666075e+00,-1.176773569372865647e-01
5.062500000000000000e+00,-6.648195078092203891e-01
5.083333333333333037e+00,-1.194922728116209337e-01
5.104166666666666075e+00,4.181652621346956811e-01
5.125000000000000000e+00,-1.167998935885096040e-01
5.145833333333333037e+00,-5.215853125888630926e-01
5.166666666666666075e+00,2.402724222072828014e-02
5.187500000000000000e+00,5.594827694069461899e-01
5.208333333333333037e+00,2.212525336789118030e-02
5.229166666666666075e+00,-5.280774411103783539e-01
5.250000000000000000e+00,1.648160945652378875e-02
5.270833333333333037e+00,5.498884078320795954e-01
5.291666666666666075e+00,9.138064817672217691e-03
5.312500000000000000e+00,-5.396904532195727633e-01
5.333333333333333037e+00,1.685143502658835403e-03
5.354166666666666075e+00,5.351165370288116785e-01
5.375000000000000000e+00,-8.922348582692529728e-03
5.395833333333333037e+00,-5.568436840616702854e-01
5.416666666666666075e+00,-1.782132741389812550e-02
5.437500000000000000e+00,5.186381979566418998e-01
5.458333333333333037e+00,-2.758264743753351816e-02
5.479166666666666075e+00,-3.959769408946508529e-01
5.500000000000000000e+00,1.431415463483567130e-01
5.520833333333333037e+00,6.817907950404660244e-01
5.541666666666666075e+00,1.355432531573382560e-01
5.562500000000000000e+00,-4.092295363188506174e-01
5.583333333333333037e+00,1.308709369974067060e-01
5.604166666666666075e+00,5.866798604310885512e-01
5.625000000000000000e+00,4.220399263548286345e-02
5.645833333333333037e+00,-5.019826889717806662e-01
5.666666666666666075e+00,3.913726675562902851e-02
5.687500000000000000e+00,5.097787161840282577e-01
5.708333333333333037e+00,-3.274194367875981476e-02
5.729166666666666075e+00,-5.772606187472860695e-01
5.750000000000000000e+00,-3.514787645907044289e-02
5.770833333333333037e+00,4.761846331546745748e-01
5.791666666666666075e+00,-6.478004560267514034e-02
5.812500000000000000e+00,-6.101734335289141775e-01
5.833333333333333037e+00,-6.728346880014347831e-02
5.854166666666666075e+00,4.244354939108048730e-01
5.875000000000000000e+00,-1.156618239513072383e-01
5.895833333333333037e+00,-6.622687473482946618e-01
5.916666666666666075e+00,-1.189204635334819710e-01
5.937500000000000000e+00,4.189641143516782962e-01
5.958333333333333037e+00,-1.205232417879945755e-01
5.979166666666666075e+00,-6.683848209980224331e-01
6.000000000000000000e+00,-1.248541151587094639e-01
6.020833333333333037e+00,4.124145708503759167e-01
6.041666666666666075e+00,-1.268267649967416144e-01
6.062500000000000000e+00,-6.754571596864341609e-01
6.083333333333333037e+00,-1.319057517869290375e-01
6.104166666666666075e+00,4.043440982979167875e-01
6.125000000000000000e+00,-1.302112398261943416e-01
6.145833333333333037e+00,-2.874174939947249929e-01
6.166666666666666075e+00,2.552702472843952353e-01
6.187500000000000000e+00,4.860286376077212478e-01
6.208333333333333037e+00,-5.714447197872259826e-02
6.229166666666666075e+00,-3.911675675047192602e-01
6.250000000000000000e+00,1.489010238375130246e-01
6.270833333333333037e+00,6.851892770176881697e-01
6.291666666666666075e+00,1.399640384339448373e-01
6.312500000000000000e+00,-4.053286783902650958e-01
6.333333333333333037e+00,1.334991858842170531e-01
6.354166666666666075e+00,6.725322898103874847e-01
6.375000000000000000e+00,1.263025282426450957e-01
6.395833333333333037e+00,-4.170383157638739569e-01
6.416666666666666075e+00,1.220514876050214498e-01
6.437500000000000000e+00,4.473357791211064471e-01
6.458333333333333037e+00,-9.848299789383081759e-02
6.479166666666666075e+00,-6.407879939474508957e-01
6.500000000000000000e+00,-1.004206754810638424e-01
6.520833333333333037e+00,4.404580642925786105e-01
6.541666666666666075e+00,-1.029441394471447974e-01
6.562500000000000000e+00,-6.451466787672286429e-01
6.583333333333333037e+00,-1.031114646120262074e-01
6.604166666666666075e+00,4.374384619050264433e-01
6.625000000000000000e+00,-1.029792887508025612e-01
6.645833333333333037e+00,-4.733720087553699996e-01
6.666666666666666075e+00,6.997168149917964985e-02
6.687500000000000000e+00,6.095890190772444983e-01
6.708333333333333037e+00,7.179199255224340270e-02
6.729166666666666075e+00,-4.736681963258326800e-01
6.750000000000000000e+00,7.089804871628525851e-02
6.770833333333333037e+00,6.090861388806325660e-01
6.791666666666666075e+00,7.140092624177299396e-02
6.812500000000000000e+00,-4.753968934737286545e-01
6.833333333333333037e+00,6.944022784837444728e-02
6.854166666666666075e+00,5.023835846082012058e-01
6.875000000000000000e+00,-3.744117768772908805e-02
6.895833333333333037e+00,-5.850158115406428605e-01
6.916666666666666075e+00,-4.179861275477760735e-02
6.937500000000000000e+00,4.940410727000719149e-01
6.958333333333333037e+00,-4.760009870836789253e-02
6.979166666666666075e+00,-5.949567438044824907e-01
7.000000000000000000e+00,-5.328278263070290038e-02
7.020833333333333037e+00,4.831564727037609419e-01
7.041666666666666075e+00,-5.989149021664571387e-02
7.062500000000000000e+00,-6.066473277472429482e-01
7.083333333333333037e+00,-6.576925489724803897e-02
7.104166666666666075e+00,4.715913096372859603e-01
7.125000000000000000e+00,-7.213659345923097155e-02
7.145833333333333037e+00,-6.181571578141145107e-01
7.166666666666666075e+00,-7.733537610758128844e-02
7.187500000000000000e+00,4.608904389056310280e-01
7.208333333333333037e+00,-8.266491852133557583e-02
7.229166666666666075e+00,-6.280677909153492555e-01
7.250000000000000000e+00,-8.676459669615792236e-02
7.270833333333333037e+00,4.520331257627651644e-01
7.291666666666666075e+00,-8.768809429860925653e-02
7.312500000000000000e+00,-2.749106846406901283e-01
7.333333333333333037e+00,2.668495253003776435e-01
7.354166666666666075e+00,5.261785293254702678e-01
7.375000000000000000e+00,-1.729438601544771789e-02
7.395833333333333037e+00,-4.968186121310355641e-01
7.416666666666666075e+00,4.421912905316391362e-02
7.437500000000000000e+00,5.832643558707247822e-01
7.458333333333333037e+00,3.958152881853326671e-02
7.479166666666666075e+00,-5.033819923665104890e-01
7.500000000000000000e+00,3.601801881540306338e-02
7.520833333333333037e+00,5.759967307233907485e-01
7.541666666666666075e+00,3.137852484185781748e-02
7.562500000000000000e+00,-5.103698147793732653e-01
7.583333333333333037e+00,2.826902329861416194e-02
7.604166666666666075e+00,5.701320158541111072e-01
7.625000000000000000e+00,2.496640084738799281e-02
7.645833333333333037e+00,-5.151483518914543591e-01
7.666666666666666075e+00,2.415601786710744325e-02
7.687500000000000000e+00,5.671416550860781669e-01
7.708333333333333037e+00,2.279380864945529384e-02
7.729166666666666075e+00,-5.162529258987313963e-01
7.750000000000000000e+00,2.456902310248416932e-02
7.770833333333333037e+00,5.677302021675254551e-01
7.791666666666666075e+00,2.530228213069638313e-02
7.812500000000000000e+00,-5.136915104702358681e-01
7.833333333333333037e+00,2.883770407289283286e-02
7.854166666666666075e+00,5.713418962518738153e-01
7.875000000000000000e+00,3.141753964906970203e-02
7.895833333333333037e+00,-5.086099053458805752e-01
7.916666666666666075e+00,3.550818580242418032e-02
7.937500000000000000e+00,5.770239883750024612e-01
7.958333333333333037e+00,3.867895953717580965e-02
7.979166666666666075e+00,-5.033346735084115453e-01
