0.000000000000000000e+00,1.836970198721029749e-17
2.083333333333333218e-02,1.836970198721029749e-17
4.166666666666666435e-02,-3.371675243649810037e-07
6.250000000000000000e-02,-6.530763846304382710e-06
8.333333333333332871e-02,-2.769073913891419180e-05
1.041666666666666574e-01,-6.977757922760430905e-05
1.250000000000000000e-01,-1.448585716554831647e-04
1.458333333333333148e-01,-2.684729011564924322e-04
1.666666666666666574e-01,-4.473245018520331036e-04
1.875000000000000000e-01,-6.966865117817231919e-04
2.083333333333333148e-01,-1.037163171201520642e-03
2.291666666666666574e-01,-1.469851572463546502e-03
2.500000000000000000e-01,-2.002995139772881239e-03
2.708333333333333148e-01,-2.664585188322791086e-03
2.916666666666666297e-01,-3.463208200057819007e-03
3.125000000000000000e-01,-4.397783417667011814e-03
3.333333333333333148e-01,-5.492908536926261603e-03
3.541666666666666297e-01,-6.768271119225749248e-03
3.750000000000000000e-01,-8.204047434615665407e-03
3.958333333333333148e-01,-9.776280454734789793e-03
4.166666666666666297e-01,-1.150136906235714809e-02
4.375000000000000000e-01,-1.340216756523357998e-02
4.583333333333333148e-01,-1.546142641941648972e-02
4.791666666666666297e-01,-1.765545489221398770e-02
5.000000000000000000e-01,-2.000069895224721936e-02
5.208333333333332593e-01,-2.252005422456444805e-02
5.416666666666666297e-01,-2.519629350923225167e-02
5.625000000000000000e-01,-2.800551530093797759e-02
5.833333333333332593e-01,-3.096090613854086959e-02
6.041666666666666297e-01,-3.407813879323876721e-02
6.250000000000000000e-01,-3.733225447636551869e-02
6.458333333333332593e-01,-4.069182969957729767e-02
6.666666666666666297e-01,-4.416557798635324661e-02
6.875000000000000000e-01,-4.776863447346194752e-02
7.083333333333332593e-01,-5.147593298838180204e-02
7.291666666666666297e-01,-5.525548391082230060e-02
7.500000000000000000e-01,-5.911004679696880981e-02
7.708333333333332593e-01,-6.304173840907721649e-02
7.916666666666666297e-01,-6.701146411122092805e-02
8.125000000000000000e-01,-7.097367919864516761e-02
8.333333333333332593e-01,-7.492313041602413626e-02
8.541666666666666297e-01,-7.886141684875269675e-02
8.750000000000000000e-01,-8.275740596274687444e-02
8.958333333333332593e-01,-8.658298823454069204e-02
9.166666666666666297e-01,-9.035133667866518392e-02
9.375000000000000000e-01,-9.408193553084730210e-02
9.583333333333332593e-01,-9.775383914498178561e-02
9.791666666666666297e-01,-1.013394486188844840e-01
1.000000000000000000e+00,-1.048512889291862427e-01
1.020833333333333259e+00,-1.083083360380110022e-01
1.041666666666666519e+00,-1.116921312097568647e-01
1.062500000000000000e+00,-1.149813438068990612e-01
1.083333333333333259e+00,-1.181951593298626729e-01
1.104166666666666519e+00,-1.213590902594891274e-01
1.125000000000000000e+00,-1.244599071514040228e-01
1.145833333333333259e+00,-1.274798892114099025e-01
1.166666666666666519e+00,-1.304416322917429927e-01
1.187500000000000000e+00,-1.333739998341319233e-01
1.208333333333333259e+00,-1.362663256223216601e-01
1.229166666666666519e+00,-1.391024900994313751e-01
1.250000000000000000e+00,-1.419065939849671332e-01
1.270833333333333259e+00,-1.447089600810070043e-01
1.291666666666666519e+00,-1.474993716545373312e-01
1.312500000000000000e+00,-1.502609205333584330e-01
1.333333333333333259e+00,-1.530168086062147215e-01
1.354166666666666519e+00,-1.557965019866155154e-01
1.375000000000000000e+00,-1.585889629722285199e-01
1.395833333333333259e+00,-1.613764894049456444e-01
1.416666666666666519e+00,-1.641815469125339488e-01
1.437500000000000000e+00,-1.670328813093141240e-01
1.458333333333333259e+00,-1.699187337475054904e-01
1.479166666666666519e+00,-1.728206845655552437e-01
1.500000000000000000e+00,-1.757604609748696090e-01
1.520833333333333259e+00,-1.787660464832226959e-01
1.541666666666666519e+00,-1.818248842745837368e-01
1.562500000000000000e+00,-1.849177180605841297e-01
1.583333333333333259e+00,-1.880645603872546923e-01
1.604166666666666519e+00,-1.912905712739619568e-01
1.625000000000000000e+00,-1.945802486119830310e-01
1.645833333333333259e+00,-1.979107698578811969e-01
1.666666666666666519e+00,-2.012894788273644209e-01
1.687500000000000000e+00,-2.047175640894416115e-01
1.708333333333333259e+00,-2.081567647849985325e-01
1.729166666666666519e+00,-2.115653037850550866e-01
1.750000000000000000e+00,-2.149419661951812721e-01
1.770833333333333259e+00,-2.182921327450428328e-01
1.791666666666666519e+00,-2.215845315399299076e-01
1.812500000000000000e+00,-2.247861324788040793e-01
1.833333333333333259e+00,-2.279047767062155616e-01
1.854166666666666519e+00,-2.309546960451050734e-01
1.875000000000000000e+00,-2.339104023310294711e-01
1.895833333333333259e+00,-2.367407821617973640e-01
1.916666666666666519e+00,-2.394551392760131125e-01
1.937500000000000000e+00,-2.420699904568342498e-01
1.958333333333333259e+00,-2.445727568949286890e-01
1.979166666666666519e+00,-2.469582859322142221e-01
2.000000000000000000e+00,-2.492579074271516759e-01
2.020833333333333037e+00,-2.515025999664714518e-01
2.041666666666666519e+00,-2.536821893352638191e-01
2.062500000000000000e+00,-2.557798297819185995e-01
2.083333333333333037e+00,-2.578188657805476347e-01
2.104166666666666519e+00,-2.598289305719315156e-01
2.125000000000000000e+00,-2.617991398057306629e-01
2.145833333333333037e+00,-2.637119414624236602e-01
2.166666666666666519e+00,-2.655899364409808894e-01
2.187500000000000000e+00,-2.674619860222226531e-01
2.208333333333333037e+00,-2.693164366385895070e-01
2.229166666666666519e+00,-2.711349681113205956e-01
2.250000000000000000e+00,-2.729394115536669663e-01
2.270833333333333037e+00,-2.747578930081188142e-01
2.291666666666666519e+00,-2.765780371045312158e-01
2.312500000000000000e+00,-2.783806246575933341e-01
2.333333333333333037e+00,-2.801825846940975140e-01
2.354166666666666519e+00,-2.820021320191607450e-01
2.375000000000000000e+00,-2.838164812270750903e-01
2.395833333333333037e+00,-2.855963154325652509e-01
2.416666666666666519e+00,-2.873525988237882189e-01
2.437500000000000000e+00,-2.891027340986196958e-01
2.458333333333333037e+00,-2.908237481010126357e-01
2.479166666666666519e+00,-2.924862012617513995e-01
2.500000000000000000e+00,-2.941010010376821637e-01
2.520833333333333037e+00,-2.956855564329554653e-01
2.541666666666666519e+00,-2.972169514689625425e-01
2.562500000000000000e+00,-2.986658359934329376e-01
2.583333333333333037e+00,-3.000432887979295193e-01
2.604166666666666519e+00,-3.013668249943112776e-01
2.625000000000000000e+00,-3.026137413447092528e-01
2.645833333333333037e+00,-3.037548118102315620e-01
2.666666666666666519e+00,-3.048012012206560706e-01
2.687500000000000000e+00,-3.057706148663186241e-01
2.708333333333333037e+00,-3.066403886064287820e-01
2.729166666666666519e+00,-3.073812795123457842e-01
2.750000000000000000e+00,-3.080043684165951201e-01
2.770833333333333037e+00,-3.085276340201276168e-01
2.791666666666666519e+00,-3.089373785013947438e-01
2.812500000000000000e+00,-3.092243538126869251e-01
2.833333333333333037e+00,-3.094207855831192511e-01
2.854166666666666519e+00,-3.095651449640995367e-01
2.875000000000000000e+00,-3.096553305605764805e-01
2.895833333333333037e+00,-3.096821910662205246e-01
2.916666666666666519e+00,-3.096719766976848143e-01
2.937500000000000000e+00,-3.096512793790137108e-01
2.958333333333333037e+00,-3.096054398035231747e-01
2.979166666666666519e+00,-3.095129576403797267e-01
3.000000000000000000e+00,-3.093923598185888135e-01
3.020833333333333037e+00,-3.092683078014598075e-01
3.041666666666666519e+00,-3.091248165022416061e-01
3.062500000000000000e+00,-3.089390766548785749e-01
3.083333333333333037e+00,-3.087282962632855177e-01
3.104166666666666519e+00,-3.085158698294359070e-01
3.125000000000000000e+00,-3.082845772829502229e-01
3.145833333333333037e+00,-3.080105132205305796e-01
3.166666666666666519e+00,-3.077098913280481574e-01
3.187500000000000000e+00,-3.074052476796017008e-01
3.208333333333333037e+00,-3.070786500630442450e-01
3.229166666666666519e+00,-3.067056588318508026e-01
3.250000000000000000e+00,-3.063021142047600009e-01
3.270833333333333037e+00,-3.058903692616126158e-01
3.291666666666666519e+00,-3.054524790989757155e-01
3.312500000000000000e+00,-3.049640528264113137e-01
3.333333333333333037e+00,-3.044390243646875049e-01
3.354166666666666519e+00,-3.038953601971247642e-01
3.375000000000000000e+00,-3.033105873719533774e-01
3.395833333333333037e+00,-3.026560265342005396e-01
3.416666666666666519e+00,-3.019435777352363903e-01
3.437500000000000000e+00,-3.011919203117542354e-01
3.458333333333333037e+00,-3.003796644494250434e-01
3.479166666666666519e+00,-2.994792638568778420e-01
3.500000000000000000e+00,-2.985038276694742532e-01
3.520833333333333037e+00,-2.974732267405551522e-01
3.541666666666666519e+00,-2.963672877521028037e-01
3.562500000000000000e+00,-2.951596819497742663e-01
3.583333333333333037e+00,-2.938646912723507643e-01
3.604166666666666519e+00,-2.925033525714273441e-01
3.625000000000000000e+00,-2.910566059908969438e-01
3.645833333333333037e+00,-2.894990955979471758e-01
3.666666666666666519e+00,-2.878459718873185857e-01
3.687500000000000000e+00,-2.861190081574858102e-01
3.708333333333333037e+00,-2.842997804672226514e-01
3.729166666666666519e+00,-2.823634137088767426e-01
3.750000000000000000e+00,-2.803254226421216799e-01
3.770833333333333037e+00,-2.782078655398322886e-01
3.791666666666666519e+00,-2.759939150756728909e-01
3.812500000000000000e+00,-2.736619914770163642e-01
3.833333333333333037e+00,-2.712309809818314599e-01
3.854166666666666519e+00,-2.687263941167376546e-01
3.875000000000000000e+00,-2.661373162548925642e-01
3.895833333333333037e+00,-2.634512463606718535e-01
3.916666666666666519e+00,-2.606964455070747699e-01
3.937500000000000000e+00,-2.579074457872516657e-01
3.958333333333333037e+00,-2.550782453993868382e-01
3.979166666666666519e+00,-2.521961296985334999e-01
4.000000000000000000e+00,-2.492885207172882978e-01
4.020833333333333037e+00,-2.463890889714819565e-01
4.041666666666666075e+00,-2.434909497686585655e-01
4.062500000000000000e+00,-2.405805238752957986e-01
4.083333333333333037e+00,-2.376843779074610807e-01
4.104166666666666075e+00,-2.348353780679179326e-01
4.125000000000000000e+00,-2.320258746107918824e-01
4.145833333333333037e+00,-2.292409992196451640e-01
4.166666666666666075e+00,-2.264960056364669072e-01
4.187500000000000000e+00,-2.237999302912168365e-01
4.208333333333333037e+00,-2.211205992946604637e-01
4.229166666666666075e+00,-2.184201637530569506e-01
4.250000000000000000e+00,-2.157012529591198768e-01
4.270833333333333037e+00,-2.129734292989914068e-01
4.291666666666666075e+00,-2.102108704849271759e-01
4.312500000000000000e+00,-2.073875952953638524e-01
4.333333333333333037e+00,-2.045188708136335687e-01
4.354166666666666075e+00,-2.016267727489570727e-01
4.375000000000000000e+00,-1.986933501648388556e-01
4.395833333333333037e+00,-1.956945907997494905e-01
4.416666666666666075e+00,-1.926472148421322084e-01
4.437500000000000000e+00,-1.895748365878139885e-01
4.458333333333333037e+00,-1.864612247514911558e-01
4.479166666666666075e+00,-1.832841791481634730e-01
4.500000000000000000e+00,-1.800623038187421920e-01
4.520833333333333037e+00,-1.768212248903021644e-01
4.541666666666666075e+00,-1.735466660906180569e-01
4.562500000000000000e+00,-1.702183358518871148e-01
4.583333333333333037e+00,-1.668567146242799226e-01
4.604166666666666075e+00,-1.634891283343942736e-01
4.625000000000000000e+00,-1.601029628211735334e-01
4.645833333333333037e+00,-1.566794949338487508e-01
4.666666666666666075e+00,-1.532406536444320400e-01
4.687500000000000000e+00,-1.498150626011297004e-01
4.708333333333333037e+00,-1.463912481582794467e-01
4.729166666666666075e+00,-1.429510077619200181e-01
4.750000000000000000e+00,-1.395100294444984734e-01
4.770833333333333037e+00,-1.360823026063092134e-01
4.791666666666666075e+00,-1.326406070761165790e-01
4.812500000000000000e+00,-1.291512251133846989e-01
4.833333333333333037e+00,-1.256207994898288216e-01
4.854166666666666075e+00,-1.220624709876526048e-01
4.875000000000000000e+00,-1.184506406515700855e-01
4.895833333333333037e+00,-1.147552530347191457e-01
4.916666666666666075e+00,-1.109867468518365152e-01
4.937500000000000000e+00,-1.071623766447952208e-01
4.958333333333333037e+00,-1.032662060747377986e-01
4.979166666666666075e+00,-9.928491122089783127e-02
5.000000000000000000e+00,-9.524646823863598677e-02
5.020833333333333037e+00,-9.118522461349760910e-02
5.041666666666666075e+00,-8.709510127544549396e-02
5.062500000000000000e+00,-8.296348796952349169e-02
5.083333333333333037e+00,-7.881805885114202825e-02
5.104166666666666075e+00,-7.469293805871717040e-02
5.125000000000000000e+00,-7.058187406756442905e-02
5.145833333333333037e+00,-6.647186253323944527e-02
5.166666666666666075e+00,-6.238500747443538608e-02
5.187500000000000000e+00,-5.834341932254710761e-02
5.208333333333333037e+00,-5.432821381761482327e-02
5.229166666666666075e+00,-5.031419882169432117e-02
5.250000000000000000e+00,-4.631667065621308116e-02
5.270833333333333037e+00,-4.235765634273098296e-02
5.291666666666666075e+00,-3.841906571541268273e-02
5.312500000000000000e+00,-3.447665015083836715e-02
5.333333333333333037e+00,-3.054675586443745053e-02
5.354166666666666075e+00,-2.665260151781949013e-02
5.375000000000000000e+00,-2.277742161521737613e-02
5.395833333333333037e+00,-1.889839545881928998e-02
5.416666666666666075e+00,-1.503342609567774948e-02
5.437500000000000000e+00,-1.120729771200991605e-02
5.458333333333333037e+00,-7.404838885179084070e-03
5.479166666666666075e+00,-3.604440288056691769e-03
5.500000000000000000e+00,1.812425996224868057e-04
5.520833333333333037e+00,3.940805011435415464e-03
5.541666666666666075e+00,7.703726951435683860e-03
5.562500000000000000e+00,1.150564654274252412e-02
5.583333333333333037e+00,1.534156418645881564e-02
5.604166666666666075e+00,1.919956302584715363e-02
5.625000000000000000e+00,2.310482957975121265e-02
5.645833333333333037e+00,2.708500361282110622e-02
5.666666666666666075e+00,3.112675657274515187e-02
5.687500000000000000e+00,3.520998897395973687e-02
5.708333333333333037e+00,3.935231324447686224e-02
5.729166666666666075e+00,4.357453902201850748e-02
5.750000000000000000e+00,4.785666300007123536e-02
5.770833333333333037e+00,5.217205474965470879e-02
5.791666666666666075e+00,5.653331274243858506e-02
5.812500000000000000e+00,6.095813262443596642e-02
5.833333333333333037e+00,6.542364425220829893e-02
5.854166666666666075e+00,6.990031778717463451e-02
5.875000000000000000e+00,7.439718440516415732e-02
5.895833333333333037e+00,7.892751504930060891e-02
5.916666666666666075e+00,8.346391003440745138e-02
5.937500000000000000e+00,8.797238636687262914e-02
5.958333333333333037e+00,9.245921807213661192e-02
5.979166666666666075e+00,9.693703321205493495e-02
6.000000000000000000e+00,1.013780015521870692e-01
6.020833333333333037e+00,1.057476656407246307e-01
6.041666666666666075e+00,1.100518329319371685e-01
6.062500000000000000e+00,1.143025872705466239e-01
6.083333333333333037e+00,1.184715382942076317e-01
6.104166666666666075e+00,1.225236421215640248e-01
6.125000000000000000e+00,1.264640685796445396e-01
6.145833333333333037e+00,1.303054022648782728e-01
6.166666666666666075e+00,1.340339515055823660e-01
6.187500000000000000e+00,1.376464581430804635e-01
6.208333333333333037e+00,1.411706289301303818e-01
6.229166666666666075e+00,1.446269906530930349e-01
6.250000000000000000e+00,1.480016794816353398e-01
6.270833333333333037e+00,1.512835317510079491e-01
6.291666666666666075e+00,1.545025371342484688e-01
6.312500000000000000e+00,1.576948023587804448e-01
6.333333333333333037e+00,1.608557378565338702e-01
6.354166666666666075e+00,1.639739710475551782e-01
6.375000000000000000e+00,1.670781893119197559e-01
6.395833333333333037e+00,1.702032536553117759e-01
6.416666666666666075e+00,1.733434056574369164e-01
6.437500000000000000e+00,1.764857179774134421e-01
6.458333333333333037e+00,1.796496130951867887e-01
6.479166666666666075e+00,1.828510370892478809e-01
6.500000000000000000e+00,1.860643339306427835e-01
6.520833333333333037e+00,1.892572609070822531e-01
6.541666666666666075e+00,1.924378046804919307e-01
6.562500000000000000e+00,1.956203496059090441e-01
6.583333333333333037e+00,1.987788660140695218e-01
6.604166666666666075e+00,2.018808262916604868e-01
6.625000000000000000e+00,2.049340129029561253e-01
6.645833333333333037e+00,2.079530725954254200e-01
6.666666666666666075e+00,2.109185314637129771e-01
6.687500000000000000e+00,2.138122873304809934e-01
6.708333333333333037e+00,2.166574919100932584e-01
6.729166666666666075e+00,2.194837286584488678e-01
6.750000000000000000e+00,2.222802406054466551e-01
6.770833333333333037e+00,2.250298020255299403e-01
6.791666666666666075e+00,2.277555419610229615e-01
6.812500000000000000e+00,2.304870239951072319e-01
6.833333333333333037e+00,2.332134383469430805e-01
6.854166666666666075e+00,2.359171799816992821e-01
6.875000000000000000e+00,2.386171520927256595e-01
6.895833333333333037e+00,2.413338922065961234e-01
6.916666666666666075e+00,2.440469305787439369e-01
6.937500000000000000e+00,2.467291138778015813e-01
6.958333333333333037e+00,2.493934528845786758e-01
6.979166666666666075e+00,2.520591804155558058e-01
7.000000000000000000e+00,2.547049705963378430e-01
7.020833333333333037e+00,2.573027561516659234e-01
7.041666666666666075e+00,2.598645736614405011e-01
7.062500000000000000e+00,2.624086507167389670e-01
7.083333333333333037e+00,2.649126263930217107e-01
7.104166666666666075e+00,2.673473902236151445e-01
7.125000000000000000e+00,2.697239266531596957e-01
7.145833333333333037e+00,2.720594280096415574e-01
7.166666666666666075e+00,2.743305095224588541e-01
7.187500000000000000e+00,2.765070637737365167e-01
7.208333333333333037e+00,2.785991043641640186e-01
7.229166666666666075e+00,2.806228971611682832e-01
7.250000000000000000e+00,2.825541801003959019e-01
7.270833333333333037e+00,2.843620152351264418e-01
7.291666666666666075e+00,2.860556737603539013e-01
7.312500000000000000e+00,2.876516166828850807e-01
7.333333333333333037e+00,2.891387401806063129e-01
7.354166666666666075e+00,2.905150415083330717e-01
7.375000000000000000e+00,2.918103255543721408e-01
7.395833333333333037e+00,2.930481625248332334e-01
7.416666666666666075e+00,2.942125821972162991e-01
7.437500000000000000e+00,2.952838899107952941e-01
7.458333333333333037e+00,2.962829163325212956e-01
7.479166666666666075e+00,2.972367862726436050e-01
7.500000000000000000e+00,2.981321563064823765e-01
7.520833333333333037e+00,2.989489678376923143e-01
7.541666666666666075e+00,2.997073155876697759e-01
7.562500000000000000e+00,3.004336246790644260e-01
7.583333333333333037e+00,3.011138162036025578e-01
7.604166666666666075e+00,3.017271949489671590e-01
7.625000000000000000e+00,3.022932553406356693e-01
7.645833333333333037e+00,3.028378474754910288e-01
7.666666666666666075e+00,3.033463861453420396e-01
7.687500000000000000e+00,3.037977535525213102e-01
7.708333333333333037e+00,3.042110949735121750e-01
7.729166666666666075e+00,3.046120122484385351e-01
7.750000000000000000e+00,3.049857596005523530e-01
7.770833333333333037e+00,3.053111532114783366e-01
7.791666666666666075e+00,3.056073631771157872e-01
7.812500000000000000e+00,3.059001094874053139e-01
7.833333333333333037e+00,3.061748452153272848e-01
7.854166666666666075e+00,3.064106603171806720e-01
7.875000000000000000e+00,3.066270765364665918e-01
7.895833333333333037e+00,3.068502181815743746e-01
7.916666666666666075e+00,3.070660019968818877e-01
7.937500000000000000e+00,3.072540203884912002e-01
7.958333333333333037e+00,3.074343411125764480e-01
7.979166666666666075e+00,3.076336390793179554e-01
